Sl.No,State_Name,Crop_Year,Area(m^2),X1,X2,X3,X4,Yield (kg)
1,Andhra Pradesh,1999,37991,96800,75400,643.72,881.473,105082
2,Andhra Pradesh,2000,39905,105082,96800,767.351,643.72,117680
3,Andhra Pradesh,2001,32878,117680,105082,579.338,767.351,95609
4,Andhra Pradesh,2002,29066,95609,117680,540.07,579.338,66329
5,Andhra Pradesh,2005,25008,85051,44891,819.7,564.5,69972
6,Andhra Pradesh,2006,22349,69972,85051,494.6,819.7,67427
7,Andhra Pradesh,2007,30000,67427,69972,689.9,494.6,95000
8,Andhra Pradesh,2008,30306,95000,67427,867.1,689.9,94615
9,Andhra Pradesh,1999,37542,105400,84400,792.083,981.825,75477
10,Andhra Pradesh,2001,24377,89236,75477,811.87,926.468,55311
11,Andhra Pradesh,2002,20137,55311,89236,737.593,811.87,50020
12,Andhra Pradesh,1999,244655,386600,429300,774.738,1169.204,628606
13,Andhra Pradesh,2000,253966,628606,386600,1264.862,774.738,683423
14,Andhra Pradesh,2001,220811,683423,628606,1012.914,1264.862,579850
15,Andhra Pradesh,2002,194809,579850,683423,788.48,1012.914,551115
16,Andhra Pradesh,1999,302886,921400,845300,547.044,828.523,969414
17,Andhra Pradesh,2000,292899,969414,921400,870.519,547.044,987363
18,Andhra Pradesh,2001,272468,987363,969414,793.426,870.519,935110
19,Andhra Pradesh,2005,288879,833961,482990,952.7,759.5,892636
20,Andhra Pradesh,2006,288638,892636,833961,852.6,952.7,783941
21,Andhra Pradesh,2007,283000,783941,892636,1008.6,852.6,976000
22,Andhra Pradesh,2008,281491,976000,783941,964.5,1008.6,959321
23,Andhra Pradesh,2009,190526,959321,976000,643.6,964.5,683226
24,Andhra Pradesh,2010,271072,683226,959321,1485.1,643.6,649760
25,Andhra Pradesh,1999,278415,759900,699400,603.997,916.83,834490
26,Andhra Pradesh,2000,281343,834490,759900,1099.234,603.997,868787
27,Andhra Pradesh,2001,245114,868787,834490,892.3,1099.234,714507
28,Andhra Pradesh,2005,254919,804849,526565,1159.5,886.9,697203
29,Andhra Pradesh,2006,251433,697203,804849,1267.3,1159.5,521221
30,Andhra Pradesh,2007,261000,521221,697203,979.9,1267.3,944000
31,Andhra Pradesh,2010,260350,784310,959395,1805.2,736.1,722978
32,Andhra Pradesh,2000,93188,225431,221700,625.827,485.358,307427
33,Andhra Pradesh,2001,43617,307427,225431,508.366,625.827,121779
34,Andhra Pradesh,2002,47948,121779,307427,456.19,508.366,100499
35,Andhra Pradesh,2005,88555,210702,100635,838.2,643.5,292586
36,Andhra Pradesh,2006,80692,292586,210702,600.8,838.2,270238
37,Andhra Pradesh,2007,90000,270238,292586,1082.2,600.8,332000
38,Andhra Pradesh,2010,104110,256454,279856,823.2,767.9,291475
39,Andhra Pradesh,1999,70189,206700,124300,537.745,750.161,190583
40,Andhra Pradesh,2000,50601,190583,206700,729.527,537.745,156559
41,Andhra Pradesh,2001,40841,156559,190583,714.372,729.527,134204
42,Andhra Pradesh,2002,19256,134204,156559,616.048,714.372,46927
43,Andhra Pradesh,2005,54390,95446,41992,958.8,757.8,144351
44,Andhra Pradesh,2006,41191,144351,95446,869,958.8,124809
45,Andhra Pradesh,2008,47434,173000,124809,937.7,899.8,167774
46,Andhra Pradesh,2009,32959,167774,173000,635.1,937.7,117730
47,Andhra Pradesh,2010,48878,117730,167774,1403,635.1,143300
48,Andhra Pradesh,1999,189027,370700,278500,792.555,1302.844,323525
49,Andhra Pradesh,2001,178771,399155,323525,940.191,843.453,393654
50,Andhra Pradesh,2002,153148,393654,399155,743.58,940.191,267550
51,Andhra Pradesh,2005,153521,448561,421799,1155.5,1042.8,271425
52,Andhra Pradesh,2006,193994,271425,448561,1358.5,1155.5,491775
53,Andhra Pradesh,2007,201000,491775,271425,1213.6,1358.5,613000
54,Andhra Pradesh,2008,203172,613000,491775,1047.9,1213.6,408376
55,Andhra Pradesh,2009,177058,408376,613000,874.3,1047.9,371822
56,Andhra Pradesh,2010,205853,371822,408376,1700.5,874.3,167482
57,Andhra Pradesh,1999,132185,295600,185600,921.461,1421.185,250846
58,Andhra Pradesh,2000,129907,250846,295600,1010.49,921.461,214347
59,Andhra Pradesh,2001,106296,214347,250846,1082.915,1010.49,199624
60,Andhra Pradesh,2002,93995,199624,214347,874.955,1082.915,115426
61,Andhra Pradesh,2005,94336,291352,228366,1336.5,1034.5,131127
62,Andhra Pradesh,2006,117452,131127,291352,1273.4,1336.5,281532
63,Andhra Pradesh,2007,124000,281532,131127,1224.7,1273.4,362000
64,Andhra Pradesh,2008,128964,362000,281532,1069.3,1224.7,307966
65,Andhra Pradesh,2009,104550,307966,362000,1032.4,1069.3,229801
66,Andhra Pradesh,2010,126290,229801,307966,1647.9,1032.4,325213
67,Andhra Pradesh,1999,267083,646400,630400,695.12,1029.969,685440
68,Andhra Pradesh,2000,272901,685440,646400,1254.92,695.12,794415
69,Andhra Pradesh,2002,214554,576622,794415,748.588,962.206,659110
70,Andhra Pradesh,2006,245236,475859,842122,1092.7,1212.6,682001
71,Andhra Pradesh,2008,255444,825000,682001,1234.1,1139,778593
72,Andhra Pradesh,2009,212887,778593,825000,753.1,1234.1,660163
73,Andhra Pradesh,2010,256147,660163,778593,1900.7,753.1,558800
74,Bihar,2001,15573,31507,23238,1066.516,1044.784,33183
75,Bihar,2001,342,7590,10626,768.432,749.782,570
76,Bihar,2001,496,1432,1216,874.229,840.907,946
77,Bihar,2001,933,20077,11073,823.717,762.72,1063
78,Bihar,2001,7,2,506,717.926,669.926,12
79,Bihar,2001,35,68344,82444,755.853,653.951,72
80,Bihar,2001,2,4,3,689.501,638.257,3
81,Bihar,2001,39998,12868,9117,1023.604,981.668,80525
82,Bihar,2001,1001,1819,5465,805.762,788.762,1670
83,Bihar,2001,3362,37013,43125,882.841,819.027,4879
84,Bihar,2001,800,35774,20166,788.361,698.09,1464
85,Bihar,2001,163,840,700,712.239,666.79,276
86,Bihar,2001,20748,45343,17118,982.91,955.188,43473
87,Bihar,2001,7388,38797,17285,813.346,797.273,12350
88,Bihar,2001,53,5577,6655,828.302,732.256,108
89,Bihar,2001,1260,26911,28272,893.114,805.404,2419
90,Bihar,2001,183,49161,45811,717.259,618.877,375
91,Bihar,2001,336,19943,11866,742.743,680.647,648
92,Chhattisgarh,2002,258955,385963,213319,1009.784,1324.364,128736
93,Chhattisgarh,2005,260734,327311,439318,1419.1,1644.2,349876
94,Chhattisgarh,2006,239805,349876,327311,1709.8,1419.1,326040
95,Chhattisgarh,2007,239537,326040,349876,1259.2,1709.8,345270
96,Chhattisgarh,2008,240340,345270,326040,1398.3,1259.2,280325
97,Chhattisgarh,2009,240074,280325,345270,1038.3,1398.3,278302
98,Chhattisgarh,2010,239376,278302,280325,1623.2,1038.3,401486
99,Chhattisgarh,2002,316368,448855,195548,620.135,563.829,212099
100,Chhattisgarh,2005,149772,201587,217544,1100.3,916,272042
101,Chhattisgarh,2007,175006,328047,272042,1007.2,1320.4,346087
102,Chhattisgarh,2008,152432,346087,328047,901,1007.2,268219
103,Chhattisgarh,2010,168855,260683,268219,1211.1,1113,395133
104,Chhattisgarh,2002,432904,605170,224171,1035.669,1199.901,233410
105,Chhattisgarh,2007,465325,673868,746241,1068.5,886.4,730870
106,Chhattisgarh,2008,464617,730870,673868,904.8,1068.5,420864
107,Chhattisgarh,2009,451263,420864,730870,794.9,904.8,355753
108,Chhattisgarh,2010,462087,355753,420864,1149.7,794.9,844764
109,Chhattisgarh,2002,180322,221341,120855,1075.461,1114.472,116095
110,Chhattisgarh,2005,180718,167461,225019,1395,1328.8,159200
111,Chhattisgarh,2006,180309,159200,167461,836.3,1395,188689
112,Chhattisgarh,2007,181389,188689,159200,1233.5,836.3,220343
113,Chhattisgarh,2008,180921,220343,188689,1412,1233.5,203992
114,Chhattisgarh,2009,180614,203992,220343,1064,1412,193157
115,Chhattisgarh,2010,179402,193157,203992,1133.9,1064,247335
116,Chhattisgarh,2002,160452,262672,133229,1036.061,1299.852,88832
117,Chhattisgarh,2005,109622,101504,134710,1482.3,1356.2,129060
118,Chhattisgarh,2006,109853,129060,101504,750.7,1482.3,95823
119,Chhattisgarh,2007,109818,95823,129060,857.4,750.7,120613
120,Chhattisgarh,2009,109232,110250,120613,822.6,1233.6,101991
121,Chhattisgarh,2010,109207,101991,110250,1093.1,822.6,130510
122,Chhattisgarh,2002,242444,290201,114090,1032.46,1187.851,108462
123,Chhattisgarh,2005,250057,319432,387427,1379,1222.8,247754
124,Chhattisgarh,2006,256752,247754,319432,1383.9,1379,331104
125,Chhattisgarh,2007,241743,331104,247754,1174.6,1383.9,331756
126,Chhattisgarh,2008,260661,331756,331104,944.9,1174.6,292312
127,Chhattisgarh,2009,262841,292312,331756,1190.1,944.9,292973
128,Chhattisgarh,2010,266738,292973,292312,1130,1190.1,486688
129,Chhattisgarh,2002,239372,305358,116886,1055.9,1163.283,168485
130,Chhattisgarh,2005,240317,250401,322350,1246.8,1049.8,278707
131,Chhattisgarh,2006,240616,278707,250401,1089.1,1246.8,307132
132,Chhattisgarh,2007,241665,307132,278707,1291.8,1089.1,312306
133,Chhattisgarh,2008,242366,312306,307132,1513.9,1291.8,296840
134,Chhattisgarh,2009,240135,296840,312306,978.2,1513.9,277370
135,Chhattisgarh,2002,516328,616749,208356,1051.585,1217.079,386465
136,Chhattisgarh,2006,534394,804924,626563,1206.7,1348,785967
137,Chhattisgarh,2007,539878,785967,804924,1434.2,1206.7,805433
138,Chhattisgarh,2008,529148,805433,785967,1114.5,1434.2,691851
139,Chhattisgarh,2010,545965,753589,691851,1109.1,948.3,771395
140,Chhattisgarh,2002,254729,296457,210646,1082.165,1274.509,193529
141,Chhattisgarh,2007,268022,357973,357964,769.8,1127.6,290436
142,Chhattisgarh,2008,271256,290436,357973,812.7,769.8,211856
143,Chhattisgarh,2009,269249,211856,290436,734.9,812.7,210540
144,Chhattisgarh,2005,312299,299182,404374,1120.1,971.6,341368
145,Chhattisgarh,2006,313914,341368,299182,1186.3,1120.1,345995
146,Chhattisgarh,2007,311757,345995,341368,1153.4,1186.3,380351
147,Gujarat,2000,84100,78900,72600,494.019,486.758,37500
148,Gujarat,2002,47500,144300,37500,336.837,554.507,39300
149,Gujarat,2001,100,100,100,743.828,567.964,100
150,Gujarat,2007,86100,125200,178500,898.1,1049.7,200300
151,Gujarat,2009,75200,174400,200300,357.1,760.2,192700
152,Gujarat,2010,87700,192700,174400,863.5,357.1,185200
153,Gujarat,2001,24200,17600,23700,932.744,873.82,25200
154,Gujarat,2002,23700,25200,17600,659.664,932.744,24200
155,Gujarat,2002,100,200,200,551.186,835.264,100
156,Gujarat,2000,7600,24000,15600,595.1,548,17100
157,Gujarat,2001,7000,17100,24000,613.1,595.1,17500
158,Gujarat,2002,4600,17500,17100,353.7,613.1,9900
159,Gujarat,2005,10000,29100,35200,1410.7,758.7,27200
160,Gujarat,2006,11300,27200,29100,1055.8,1410.7,25600
161,Gujarat,2007,12800,25600,27200,1101.4,1055.8,32000
162,Gujarat,2008,12800,32000,25600,740.4,1101.4,26900
163,Gujarat,2009,10600,26900,32000,510.1,740.4,22200
164,Gujarat,2010,16000,22200,26900,921.2,510.1,36900
165,Gujarat,2000,112500,363900,286400,626.616,603.653,73400
166,Gujarat,2001,171800,73400,363900,629.335,626.616,308400
167,Gujarat,2002,71200,308400,73400,415,629.335,93500
168,Gujarat,2006,92400,218500,223900,1412.5,1138.7,169300
169,Gujarat,2007,99800,169300,218500,1143.9,1412.5,237400
170,Gujarat,2008,101100,237400,169300,758.1,1143.9,211600
171,Gujarat,2009,87100,211600,237400,450.9,758.1,201300
172,Gujarat,2000,10200,17200,22200,538.733,498.522,7100
173,Gujarat,2001,12600,7100,17200,600.555,538.733,23600
174,Gujarat,2002,3700,23600,7100,314.315,600.555,5300
175,Gujarat,2005,10800,11400,10800,1154,1074,8600
176,Gujarat,2007,13600,9700,8600,1356.2,1492.5,11600
177,Gujarat,2008,15200,11600,9700,1102.8,1356.2,13700
178,Gujarat,2009,15000,13700,11600,789.2,1102.8,8200
179,Gujarat,2005,34900,92200,102900,2969.2,2078,87400
180,Gujarat,2006,35900,87400,92200,2098.6,2969.2,81800
181,Gujarat,2008,46300,112500,81800,2195.8,1737,111200
182,Gujarat,2010,62600,149000,111200,1982,1486.4,161300
183,Gujarat,2000,91200,40100,104200,702.001,740.001,9800
184,Gujarat,2001,84900,9800,40100,720.499,702.001,20600
185,Gujarat,2002,86200,20600,9800,546.936,720.499,26300
186,Gujarat,2000,15000,69000,51800,658.746,628.378,15500
187,Gujarat,2002,8700,26700,15500,403.727,703.136,14000
188,Gujarat,2000,70600,143100,166400,934.914,1000.858,117000
189,Gujarat,2001,83500,117000,143100,973.507,934.914,167000
190,Gujarat,2002,73500,167000,117000,758.207,973.507,137200
191,Gujarat,2005,68300,141000,154800,2610.7,1962.9,131200
192,Gujarat,2006,72600,131200,141000,2014.8,2610.7,144200
193,Gujarat,2007,80500,144200,131200,1572.4,2014.8,154900
194,Gujarat,2008,58400,154900,144200,1622,1572.4,124300
195,Gujarat,2009,54600,124300,154900,1308.3,1622,130300
196,Gujarat,2010,60700,130300,124300,1570.9,1308.3,124000
197,Gujarat,2000,700,1000,300,537.135,511.191,400
198,Gujarat,2001,800,400,1000,650.503,537.135,1200
199,Gujarat,2002,600,1200,400,327.115,650.503,600
200,Gujarat,2005,500,300,600,803.4,515.5,1100
201,Gujarat,2006,500,1100,300,632.4,803.4,900
202,Gujarat,2008,900,1500,900,738.5,821.2,1000
203,Gujarat,2009,600,1000,1500,279.4,738.5,600
204,Gujarat,2002,47200,48700,6100,611.426,796.908,38000
205,Gujarat,2005,47500,89400,93300,2793.1,2338.6,94800
206,Gujarat,2006,50600,94800,89400,2236.8,2793.1,96500
207,Gujarat,2008,60300,127700,96500,2246.3,2196.5,127500
208,Gujarat,2010,58600,112900,127500,2235.4,1861.9,118200
209,Haryana,1999,72185,186000,182000,396.134,649.086,206000
210,Haryana,2000,71840,206000,186000,593.737,396.134,217000
211,Haryana,2005,76540,233000,227000,1058.4,1202.9,254000
212,Haryana,2006,75737,254000,233000,660.7,1058.4,261000
213,Haryana,2007,75164,261000,254000,738.3,660.7,277000
214,Haryana,2008,81002,277000,261000,1227.9,738.3,267000
215,Haryana,2009,82283,267000,277000,779.6,1227.9,306000
216,Haryana,2001,7422,20000,17000,417.222,434.055,21000
217,Haryana,2002,6491,21000,20000,209.647,417.222,19000
218,Haryana,2005,12526,14000,23000,489.8,426.7,25000
219,Haryana,2006,13666,25000,14000,364.1,489.8,26000
220,Haryana,2008,21217,40000,26000,762.5,381.3,45000
221,Haryana,1999,28820,70000,59000,443.67,735.429,58000
222,Haryana,2000,28959,58000,70000,597.2,443.67,80000
223,Haryana,2001,31274,80000,58000,617.772,597.2,88000
224,Haryana,2002,18092,88000,80000,352.589,617.772,48000
225,Haryana,2005,26376,68000,78000,592,634.5,70000
226,Haryana,2006,27360,70000,68000,269.2,592,84000
227,Haryana,2010,9550,24000,22000,557.6,355.1,18000
228,Haryana,1999,69238,208000,184000,236.386,390.917,164000
229,Haryana,2000,61308,164000,208000,361.383,236.386,199000
230,Haryana,2001,58359,199000,164000,351.154,361.383,175000
231,Haryana,2002,66915,175000,199000,210.732,351.154,202000
232,Haryana,2005,68371,280000,218000,490.5,285.6,254000
233,Haryana,2006,70069,254000,280000,322.9,490.5,312000
234,Haryana,1999,9465,25000,20000,424.676,706.942,22000
235,Haryana,2000,7881,22000,25000,575.641,424.676,20000
236,Haryana,2001,7503,20000,22000,598.438,575.641,21000
237,Haryana,2006,2322,6000,18000,340.5,628.2,6000
238,Haryana,2010,5151,14000,8000,841.2,461.5,14000
239,Haryana,2000,33285,107000,97000,396.183,250.151,63000
240,Haryana,2001,20353,63000,107000,381.17,396.183,37000
241,Haryana,2002,21328,37000,63000,213.136,381.17,41000
242,Haryana,1999,15097,38000,13000,300.626,612.565,14000
243,Haryana,2001,15794,25000,14000,499.539,528.171,22000
244,Haryana,2002,6484,22000,25000,278.702,499.539,19000
245,Haryana,2005,17028,16000,18000,619.3,473.4,29000
246,Haryana,2010,31014,47000,33000,485.7,380.9,62000
247,Haryana,2001,104307,222000,205000,441.285,465.493,222000
248,Haryana,2002,69245,222000,222000,272.538,441.285,130000
249,Haryana,2005,96708,201000,218000,813.4,634.7,258000
250,Haryana,2006,93719,258000,201000,382.2,813.4,248000
251,Haryana,2007,95256,248000,258000,557.2,382.2,249000
252,Haryana,2010,113883,296000,250000,543.6,406.8,284000
253,Haryana,1999,162873,349000,434000,298.645,500.818,364000
254,Haryana,2000,164224,364000,349000,487.535,298.645,391000
255,Haryana,2001,160911,391000,364000,446.119,487.535,402000
256,Haryana,2002,170163,402000,391000,316.161,446.119,444000
257,Haryana,2000,157949,447000,357000,571.342,347.752,444000
258,Haryana,2002,159111,494000,444000,385.94,487.034,426000
259,Haryana,2005,169130,567000,499000,562.5,630.3,521000
260,Haryana,2006,166200,521000,567000,340,562.5,553000
261,Haryana,2007,167149,553000,521000,731.7,340,610000
262,Haryana,2008,169034,610000,553000,613.6,731.7,465000
263,Haryana,2001,111396,357000,335000,462.622,562.439,367000
264,Haryana,2002,106928,367000,357000,418.19,462.622,371000
265,Haryana,2007,114536,440000,416000,355,241.8,460000
266,Haryana,2010,119783,453000,408000,458.6,252.4,383000
267,Haryana,1999,6384,16000,16000,449.897,675.57,18000
268,Haryana,2000,6183,18000,16000,608.697,449.897,18000
269,Haryana,2001,6933,18000,18000,496.787,608.697,20000
270,Haryana,2010,9070,23000,24000,707.4,399.5,30000
271,Haryana,1999,70637,154000,169000,325.649,601.89,144000
272,Haryana,2000,77458,144000,154000,557.357,325.649,187000
273,Haryana,2002,64007,167000,187000,342.332,506.45,161000
274,Haryana,2005,70753,164000,164000,555.5,560.3,181000
275,Haryana,2007,73632,194000,181000,290.3,353,188000
276,Haryana,2002,343,3000,3000,257.762,531.747,0
277,Haryana,2005,621,3000,3000,628,416.8,3000
278,Haryana,2006,788,3000,3000,453.9,628,3000
279,Haryana,1999,28515,53000,29000,286.983,565.46,26000
280,Haryana,2002,7412,27000,36000,262.056,466.513,8000
281,Haryana,2005,18006,26000,21000,609.3,400.4,36000
282,Haryana,2006,20185,36000,26000,439.3,609.3,37000
283,Haryana,2007,23167,37000,36000,376.6,439.3,52000
284,Haryana,2008,38439,52000,37000,580.6,376.6,48000
285,Haryana,2009,35056,48000,52000,404.1,580.6,50000
286,Haryana,1999,44663,101000,107000,208.85,341.879,135000
287,Haryana,2000,39847,135000,101000,293.592,208.85,111000
288,Haryana,2001,37202,111000,135000,289.998,293.592,118000
289,Haryana,2005,46036,157000,156000,313.8,246.2,166000
290,Haryana,2006,46453,166000,157000,437.9,313.8,175000
291,Haryana,2007,48268,175000,166000,305.9,437.9,189000
292,Haryana,2008,57477,189000,175000,343.5,305.9,196000
293,Haryana,2010,61372,204000,196000,396.9,126.3,195000
294,Haryana,1999,77681,133000,130000,319.76,619.886,139000
295,Haryana,2001,78764,138000,139000,523.121,561.65,148000
296,Haryana,2002,43976,148000,138000,326.235,523.121,96000
297,Haryana,1999,54804,130000,168000,422.479,705.8,160000
298,Haryana,2000,55512,160000,130000,640.57,422.479,164000
299,Haryana,2001,53818,164000,160000,478.599,640.57,161000
300,Haryana,2005,59276,191000,172000,991.9,742.2,2.00E+05
301,Haryana,2006,59379,2.00E+05,191000,636.9,991.9,213000
302,Haryana,2008,71634,227000,213000,865.6,728.8,221000
303,Himachal Pradesh,2000,1859,2431,2584,608.132,527.369,2790
304,Himachal Pradesh,2001,1773,2790,2431,563.829,608.132,2389
305,Himachal Pradesh,2002,1526,2389,2790,620.135,563.829,675
306,Himachal Pradesh,2000,2594,3955,3878,613.755,752.861,3804
307,Himachal Pradesh,2001,2796,3804,3955,734.615,613.755,3959
308,Himachal Pradesh,2002,2806,3959,3804,806.666,734.615,4996
309,Himachal Pradesh,2005,2772,4193,4496,1004.4,890.3,4585
310,Himachal Pradesh,2006,2726,4585,4193,1219.1,1004.4,4031
311,Himachal Pradesh,2007,2706,4031,4585,533.4,1219.1,3345
312,Himachal Pradesh,2010,3506,3285,3345,1087.2,431.3,5767
313,Himachal Pradesh,2000,38334,53215,52148,620.671,661.748,56392
314,Himachal Pradesh,2002,37144,63082,56392,732.413,685.629,34219
315,Himachal Pradesh,2005,36961,48680,56121,1470.8,1343.9,50934
316,Himachal Pradesh,2006,38279,50934,48680,1766.6,1470.8,54148
317,Himachal Pradesh,2007,37121,54148,50934,1610,1766.6,53986
318,Himachal Pradesh,2008,36855,53986,54148,1805.3,1610,55836
319,Himachal Pradesh,2001,29,35,45,692.393,757.433,49
320,Himachal Pradesh,2002,31,49,35,920.927,692.393,32
321,Himachal Pradesh,2005,22,43,40,643.8,255.9,31
322,Himachal Pradesh,2007,13,44,31,628.5,333.6,20
323,Himachal Pradesh,2010,15,24,20,1069.8,572,25
324,Himachal Pradesh,2000,1507,2241,1965,726.989,761.979,2287
325,Himachal Pradesh,2001,1618,2287,2241,734.905,726.989,2417
326,Himachal Pradesh,2005,20276,25275,28981,1264.4,1170.1,29167
327,Himachal Pradesh,2006,19566,29167,25275,1265.2,1264.4,27068
328,Himachal Pradesh,2007,19469,27068,29167,1472.3,1265.2,25002
329,Himachal Pradesh,2008,20171,25002,27068,1300.5,1472.3,27410
330,Himachal Pradesh,2010,19481,27410,25002,1483.6,965.2,30528
331,Himachal Pradesh,2001,2368,2370,3333,669.002,757.303,2978
332,Himachal Pradesh,2002,3087,2978,2370,804.503,669.002,2636
333,Himachal Pradesh,2000,5974,8199,7682,696.152,527.635,9829
334,Himachal Pradesh,2001,5884,9829,8199,553.767,696.152,11236
335,Himachal Pradesh,2000,3552,6443,6165,623.919,507.006,7510
336,Himachal Pradesh,2001,3305,7510,6443,544.682,623.919,6156
337,Himachal Pradesh,2002,3377,6156,7510,605.577,544.682,5377
338,Himachal Pradesh,2005,4721,10401,7866,950.7,813.1,8283
339,Himachal Pradesh,2006,4634,8283,10401,974.6,950.7,10968
340,Himachal Pradesh,2008,4260,10126,10968,1492.1,1173.8,10565
341,Himachal Pradesh,2010,2094,10565,10126,1377.3,882.1,5166
342,Himachal Pradesh,2001,3248,5405,5851,571.525,570.485,7795
343,Himachal Pradesh,2002,2744,7795,5405,596.66,571.525,4205
344,Himachal Pradesh,2006,1976,3311,3572,1308.5,1217.4,4464
345,Himachal Pradesh,2008,1803,4651,4464,1471.5,1244.3,4029
346,Karnataka,2000,171,202,316,857.558,768.995,311
347,Karnataka,2001,171,311,202,607.528,857.558,411
348,Karnataka,2002,112,411,311,632.97,607.528,230
349,Karnataka,2001,63662,105237,119657,1134.703,1628.754,56350
350,Karnataka,2002,65854,56350,105237,1334.194,1134.703,37874
351,Karnataka,1999,47915,124945,96733,693.496,838.459,162081
352,Karnataka,2000,52654,162081,124945,787.626,693.496,172729
353,Karnataka,2001,54582,172729,162081,575.605,787.626,175813
354,Karnataka,2002,64289,175813,172729,574.325,575.605,215581
355,Karnataka,2005,61783,178111.08,190076,691.4,553.5,188994
356,Karnataka,2006,66354,188994,178111.08,528.3,691.4,204553
357,Karnataka,2007,76597,204553,188994,650.4,528.3,283719
358,Karnataka,2008,77958,283719,204553,542.2,650.4,283650.18
359,Karnataka,2010,88799,248380.11,283650.18,861.8,914.5,339376
360,Karnataka,1999,10023,5825,6109,686.066,956.216,8373
361,Karnataka,2000,11483,8373,5825,843.808,686.066,10428
362,Karnataka,2002,10083,9048,10428,622.438,731.11,5672
363,Karnataka,2005,7436,3495.56,3536,991.5,744.8,4059
364,Karnataka,2006,7077,4059,3495.56,878.3,991.5,4449
365,Karnataka,2007,6812,4449,4059,798.1,878.3,4223
366,Karnataka,2008,5503,4223,4449,974.2,798.1,4077.72
367,Karnataka,2009,5039,4077.72,4223,647.2,974.2,3877.51
368,Karnataka,2010,4927,3877.51,4077.72,1166.7,647.2,4816
369,Karnataka,1999,365,541,635,634.118,719.923,506
370,Karnataka,2000,341,506,541,708.708,634.118,529
371,Karnataka,2001,4,529,506,559.484,708.708,6
372,Karnataka,2002,15,6,529,533.939,559.484,16
373,Karnataka,2005,77,47.11,31,637.2,532,137
374,Karnataka,2007,20,73,137,626,563.7,45
375,Karnataka,2009,27,37.05,45,965.3,550.8,76.95
376,Karnataka,2010,71,76.95,37.05,632.9,965.3,228
377,Karnataka,2005,71306,183097.74,166588,882.4,571.4,225040
378,Karnataka,2006,70785,225040,183097.74,579.5,882.4,237700
379,Karnataka,2008,70956,67328,237700,658.6,729.7,235254.62
380,Karnataka,2009,75176,235254.62,67328,1015.4,658.6,255673.58
381,Karnataka,2010,76270,255673.58,235254.62,1044.3,1015.4,271152
382,Karnataka,1999,39458,33695,103406,1958.884,2216.913,37985
383,Karnataka,2000,38619,37985,33695,2029.734,1958.884,53225
384,Karnataka,2001,38948,53225,37985,1329.153,2029.734,8323
385,Karnataka,2002,38239,8323,53225,1623.548,1329.153,7557
386,Karnataka,2005,22611,15484.88,6476,973.7,648,39091
387,Karnataka,2006,24429,39091,15484.88,697.9,973.7,32376
388,Karnataka,2007,25693,32376,39091,860.3,697.9,44801
389,Karnataka,2008,32699,44801,32376,773.6,860.3,27647
390,Karnataka,2010,27881,30669.81,27647,879.3,890.7,33658
391,Karnataka,2001,705,2118,1882,836.128,1243.124,1411
392,Karnataka,2006,1495,8212,1399.76,493.3,633.2,4122
393,Karnataka,2007,1473,4122,8212,790,493.3,3705
394,Karnataka,2008,1100,3705,4122,733.8,790,1755.6
395,Karnataka,2010,865,819.89,1755.6,720,961.1,1914
396,Karnataka,1999,10705,17439,12179,568.029,757.61,16115
397,Karnataka,2000,16485,16115,17439,733.168,568.029,25012
398,Karnataka,2001,18722,25012,16115,601.898,733.168,32644
399,Karnataka,2002,25098,32644,25012,525.402,601.898,48090
400,Karnataka,2005,49114,92317.96,75482,911.3,652.1,129091
401,Karnataka,2007,52131,107324,129091,764.2,527.9,141389
402,Karnataka,2009,39593,122202.53,141389,906.6,744,91024.31
403,Karnataka,2000,54985,89761,78129,1873.395,1761.816,112869
404,Karnataka,2001,56369,112869,89761,1244.919,1873.395,27476
405,Karnataka,2002,55222,27476,112869,1473.343,1244.919,23928
406,Karnataka,2005,26796,43973.22,24198,935,707.4,55400
407,Karnataka,2006,36385,55400,43973.22,707.3,935,68978
408,Karnataka,2007,37740,68978,55400,919.9,707.3,92017
409,Karnataka,2009,43936,56650,92017,924.3,732.4,47582.69
410,Karnataka,1999,90604,225260,287526,509.043,638.478,278618
411,Karnataka,2000,90009,278618,225260,625.811,509.043,294349
412,Karnataka,2001,77825,294349,278618,482.044,625.811,245184
413,Karnataka,2002,81970,245184,294349,450.113,482.044,271989
414,Karnataka,2005,100632,240662.61,172865,717.2,532.1,273862
415,Karnataka,2007,96323,285068,273862,707.8,457.1,286365
416,Karnataka,2009,96230,334587.9,286365,1245.9,583.5,252315.06
417,Madhya Pradesh,2000,246559,333339,230000,1029.567,1320.139,209385
418,Madhya Pradesh,2002,247502,358158,209385,1161.31,1293.238,207801
419,Madhya Pradesh,2005,248696,246491,370435,1937.9,991.3,365281
420,Madhya Pradesh,2006,248652,365281,246491,1549.1,1937.9,299342
421,Madhya Pradesh,2010,247865,275043,354236,1343.9,1097.2,353009
422,Madhya Pradesh,2001,2596,874,1529,631.839,604.616,1092
423,Madhya Pradesh,2008,2328,862,869,510,733.6,807
424,Madhya Pradesh,2010,1476,807,862,868,586.7,1090
425,Madhya Pradesh,2001,43272,25430,42447,677.01,730.656,38114
426,Madhya Pradesh,2002,41040,38114,25430,791.69,677.01,27970
427,Madhya Pradesh,2000,14034,29710,8900,632.251,1081.972,13239
428,Madhya Pradesh,2001,15710,13239,29710,697.775,632.251,33464
429,Madhya Pradesh,2002,6064,33464,13239,555.778,697.775,14153
430,Madhya Pradesh,2005,3729,4098,3468,452.7,485.7,7840
431,Madhya Pradesh,2006,410,7840,4098,401.9,452.7,829
432,Madhya Pradesh,2007,320,829,7840,478.6,401.9,587
433,Madhya Pradesh,2000,662,485,300,882.299,1118.719,396
434,Madhya Pradesh,2001,634,396,485,825.5,882.299,407
435,Madhya Pradesh,2006,599,382,376,1939.8,1125.6,411
436,Madhya Pradesh,2007,564,411,382,952.8,1939.8,416
437,Madhya Pradesh,2010,461,365,416,786.1,1203.2,437
438,Madhya Pradesh,2001,17373,8362,20393,925.18,951.382,11855
439,Madhya Pradesh,2005,15080,10424,13881,1006.6,940.7,9702
440,Madhya Pradesh,2006,11865,9702,10424,648.9,1006.6,5017
441,Madhya Pradesh,2007,11344,5017,9702,575.2,648.9,3644
442,Madhya Pradesh,2008,11323,3644,5017,938.3,575.2,7426
443,Madhya Pradesh,2010,8872,7426,3644,915.8,809.8,5538
444,Madhya Pradesh,2001,25426,11002,21098,996.654,872.132,11317
445,Madhya Pradesh,2002,25431,11317,11002,923.694,996.654,10972
446,Madhya Pradesh,2000,2024,1735,400,739.531,1153.279,1855
447,Madhya Pradesh,2001,1978,1855,1735,764.171,739.531,2261
448,Madhya Pradesh,2002,1166,2261,1855,603.828,764.171,769
449,Madhya Pradesh,2005,1681,1147,1981,483.2,567.7,1592
450,Madhya Pradesh,2008,3960,1369,1230,1044,568.4,4995
451,Madhya Pradesh,2000,787,607,400,693.671,962.403,370
452,Madhya Pradesh,2001,822,370,607,694.352,693.671,528
453,Madhya Pradesh,2008,449,390,287,404.6,1013.3,306
454,Madhya Pradesh,2010,180,306,390,790.2,779.7,158
455,Madhya Pradesh,2000,2875,1722,1600,518.409,759.308,813
456,Madhya Pradesh,2005,2257,1222,2046,559.9,721.3,1175
457,Madhya Pradesh,2006,1857,1175,1222,1083.4,559.9,1054
458,Madhya Pradesh,2007,1656,1054,1175,1161,1083.4,1031
459,Madhya Pradesh,2008,1365,1031,1054,687.3,1161,829
460,Madhya Pradesh,2000,73146,80624,45900,953.833,1246.466,27903
461,Madhya Pradesh,2001,76095,27903,80624,1157.258,953.833,59604
462,Madhya Pradesh,2002,74670,59604,27903,1124.309,1157.258,36401
463,Madhya Pradesh,2006,78637,66422,59160,966.5,1360,55661
464,Madhya Pradesh,2007,79050,55661,66422,975.2,966.5,64059
465,Madhya Pradesh,2008,79304,64059,55661,782.2,975.2,61693
466,Madhya Pradesh,2000,1721,1683,700,715.814,961.761,1335
467,Madhya Pradesh,2002,1617,1432,1335,501.399,728.169,519
468,Madhya Pradesh,2005,791,729,1018,911.1,791.9,663
469,Madhya Pradesh,2008,820,620,673,980.6,765.8,517
470,Madhya Pradesh,2010,706,517,620,803,677.3,816
471,Madhya Pradesh,2000,38925,83553,35500,700.611,1091.747,81700
472,Madhya Pradesh,2001,43431,81700,83553,737.512,700.611,98738
473,Madhya Pradesh,2002,15805,98738,81700,546.72,737.512,14219
474,Madhya Pradesh,2005,17543,30884,36700,718.3,735.6,40559
475,Madhya Pradesh,2007,11726,37380,40559,540.5,545.1,16744
476,Madhya Pradesh,2008,30991,16744,37380,768.8,540.5,81797
477,Madhya Pradesh,2010,24474,81797,16744,921.3,516.6,63953
478,Madhya Pradesh,2000,1812,2605,1900,704.979,1002.761,1672
479,Madhya Pradesh,2002,1045,2270,1672,743.016,650.494,983
480,Madhya Pradesh,2008,814,1383,1100,612.4,1140.6,1537
481,Madhya Pradesh,2010,422,1537,1383,981.9,1133.4,1195
482,Madhya Pradesh,2000,9681,13185,6300,918.685,1247.326,11178
483,Madhya Pradesh,2001,9667,11178,13185,826.346,918.685,11464
484,Madhya Pradesh,2002,9969,11464,11178,861.372,826.346,12880
485,Madhya Pradesh,2005,14052,11298,13980,1386.4,1276.7,18009
486,Madhya Pradesh,2006,15232,18009,11298,1901.8,1386.4,20226
487,Madhya Pradesh,2007,16540,20226,18009,1092.8,1901.8,26753
488,Madhya Pradesh,2008,17083,26753,20226,823.8,1092.8,25152
489,Madhya Pradesh,2010,23719,25152,26753,1083.1,1574.7,54441
490,Madhya Pradesh,2001,29,16,23,573.837,544.824,16
491,Madhya Pradesh,2002,25,16,16,584.042,573.837,12
492,Madhya Pradesh,2005,20,14,19,723.1,766.6,10
493,Madhya Pradesh,2006,22,10,14,1234.2,723.1,12
494,Madhya Pradesh,2007,20,12,10,960.5,1234.2,11
495,Madhya Pradesh,2008,11,11,12,670.6,960.5,7
496,Madhya Pradesh,2010,5,7,11,958.8,965.1,5
497,Madhya Pradesh,2000,56193,63439,28800,995.762,1283.522,30982
498,Madhya Pradesh,2001,61330,30982,63439,1147.302,995.762,54828
499,Madhya Pradesh,2002,61466,54828,30982,1014.652,1147.302,48730
500,Madhya Pradesh,2005,58519,78462,78545,1806.2,1208.7,52292
501,Madhya Pradesh,2007,65761,53470,52292,1033.4,999.1,43209
502,Madhya Pradesh,2008,67404,43209,53470,1201.1,1033.4,55256
503,Madhya Pradesh,2010,67596,55256,43209,1398.4,1122,83587
504,Madhya Pradesh,2000,23661,17517,11300,670.632,850.648,3238
505,Madhya Pradesh,2001,22539,3238,17517,695.644,670.632,4557
506,Madhya Pradesh,2002,21777,4557,3238,639.767,695.644,9536
507,Madhya Pradesh,2005,22504,12841,14612,659.3,1097.4,10387
508,Madhya Pradesh,2006,22890,10387,12841,1494.1,659.3,10592
509,Madhya Pradesh,2007,22820,10592,10387,1188.6,1494.1,12493
510,Madhya Pradesh,2008,14190,12493,10592,632.2,1188.6,7742
511,Madhya Pradesh,2010,12791,7742,12493,639.8,622.6,8373
512,Madhya Pradesh,2000,108100,109984,55600,999.4,1279.467,41027
513,Madhya Pradesh,2001,111410,41027,109984,1100.111,999.4,90071
514,Madhya Pradesh,2002,108635,90071,41027,990.487,1100.111,47802
515,Madhya Pradesh,2005,110440,84359,95821,2008.2,940.4,93612
516,Madhya Pradesh,2010,83507,101787,37855,508,557.6,71370
517,Madhya Pradesh,2001,109899,35294,85898,1298.611,1070.314,82824
518,Madhya Pradesh,2002,109462,82824,35294,1193.424,1298.611,61210
519,Madhya Pradesh,2005,114873,74956,88553,1477.5,1164.1,75748
520,Madhya Pradesh,2007,114204,74021,75748,1173.9,1139.7,77227
521,Madhya Pradesh,2008,114760,77227,74021,1503.5,1173.9,75229
522,Madhya Pradesh,2010,112720,75229,77227,1490.5,959.3,103242
523,Madhya Pradesh,2001,17,7,15,765.5,657.742,9
524,Madhya Pradesh,2002,14,9,7,484.292,765.5,5
525,Madhya Pradesh,2005,6,4,8,744.6,1090.5,2
526,Madhya Pradesh,2006,2,2,4,1443.3,744.6,1
527,Madhya Pradesh,2005,537,326,382,687.3,547.6,1125
528,Madhya Pradesh,2008,467,283,889,777.7,431.4,980
529,Madhya Pradesh,2005,13053,14953,15565,1585.6,1156.4,13931
530,Madhya Pradesh,2006,13605,13931,14953,1084.4,1585.6,14579
531,Madhya Pradesh,2007,12944,14579,13931,899.8,1084.4,12744
532,Madhya Pradesh,2008,13149,12744,14579,947.4,899.8,12221
533,Madhya Pradesh,2010,12545,12221,12744,785.5,1230.9,19469
534,Madhya Pradesh,2002,10,13,5,394.203,747.374,2
535,Madhya Pradesh,2005,24,5,6,746.5,692,12
536,Madhya Pradesh,2006,29,12,5,1352,746.5,14
537,Madhya Pradesh,2007,41,14,12,501.6,1352,20
538,Madhya Pradesh,2008,70,20,14,813.2,501.6,36
539,Madhya Pradesh,2000,62533,47346,22900,997.746,1268.358,23130
540,Madhya Pradesh,2001,63192,23130,47346,973.885,997.746,34633
541,Madhya Pradesh,2002,60922,34633,23130,876.549,973.885,19750
542,Madhya Pradesh,2005,60745,24883,27285,1494.4,1284.6,37701
543,Madhya Pradesh,2010,53696,44532,23242,741.3,832.5,51600
544,Madhya Pradesh,2000,5173,4333,2300,1055.442,1309.451,2852
545,Madhya Pradesh,2001,5430,2852,4333,934.366,1055.442,3148
546,Madhya Pradesh,2002,5319,3148,2852,862.992,934.366,2868
547,Madhya Pradesh,2006,12369,5108,3622,1142.9,1238,8280
548,Madhya Pradesh,2010,26154,21131,19022,812.5,1078.9,33151
549,Madhya Pradesh,2000,1273,296182,167900,726.641,1006.27,272
550,Madhya Pradesh,2001,1167,272,296182,744.118,726.641,453
551,Madhya Pradesh,2002,1102,453,272,564.483,744.118,277
552,Madhya Pradesh,2005,865,612,814,717.3,1014.9,432
553,Madhya Pradesh,2010,538,441,643,703.5,802.1,448
554,Madhya Pradesh,2000,2811,2755,1700,601.063,856.379,1086
555,Madhya Pradesh,2001,2377,1086,2755,674.954,601.063,1162
556,Madhya Pradesh,2002,2816,1162,1086,548.972,674.954,1518
557,Madhya Pradesh,2005,2507,1175,1918,774.8,878.8,1807
558,Madhya Pradesh,2006,2168,1807,1175,1634.3,774.8,1586
559,Madhya Pradesh,2010,1696,1280,1507,689,756.9,1291
560,Madhya Pradesh,2000,134789,80061,46800,889.763,1125.837,73982
561,Madhya Pradesh,2002,140685,136581,73982,839.813,877.449,96251
562,Madhya Pradesh,2007,131607,89171,138116,864.2,698,68954
563,Madhya Pradesh,2010,102073,133680,68954,813.7,667.7,67453
564,Madhya Pradesh,2000,9822,6204,3600,1019.818,1307.647,5343
565,Madhya Pradesh,2001,9586,5343,6204,988.568,1019.818,5010
566,Madhya Pradesh,2002,9346,5010,5343,844.677,988.568,3411
567,Madhya Pradesh,2005,8601,5413,5976,1644.6,1070.7,4547
568,Madhya Pradesh,2006,8369,4547,5413,1040.1,1644.6,4303
569,Madhya Pradesh,2007,6639,4303,4547,746.5,1040.1,3570
570,Madhya Pradesh,2000,101143,60543,29800,958.139,1220.148,29129
571,Madhya Pradesh,2001,112519,29129,60543,954.588,958.139,116120
572,Madhya Pradesh,2002,101971,116120,29129,880.918,954.588,67306
573,Madhya Pradesh,2005,103744,106309,97444,1471.6,1078.4,123297
574,Madhya Pradesh,2006,94921,123297,106309,779.9,1471.6,60924
575,Madhya Pradesh,2007,89653,60924,123297,741.4,779.9,33943
576,Madhya Pradesh,2008,90254,33943,60924,754,741.4,59095
577,Madhya Pradesh,2010,71699,59095,33943,663.4,892.7,74317
578,Madhya Pradesh,2000,1694,1592,1200,844.095,1108.331,877
579,Madhya Pradesh,2001,1728,877,1592,785.548,844.095,1050
580,Madhya Pradesh,2007,2282,901,880,893,1632.8,1754
581,Madhya Pradesh,2008,4645,1754,901,679.5,893,3498
582,Madhya Pradesh,2010,6093,3498,1754,658.1,954.3,6830
583,Madhya Pradesh,2000,111104,148312,80500,962.092,1245.715,43910
584,Madhya Pradesh,2005,118323,84097,175659,1449.1,753.8,143950
585,Madhya Pradesh,2007,118956,135813,143950,966.7,1322.5,147911
586,Madhya Pradesh,2008,115562,147911,135813,942.9,966.7,117316
587,Madhya Pradesh,2010,116339,117316,147911,1216.2,978.1,153894
588,Madhya Pradesh,2000,204290,195837,88300,859.733,1123.103,142449
589,Madhya Pradesh,2001,208437,142449,195837,988.179,859.733,191663
590,Madhya Pradesh,2002,203535,191663,142449,992.117,988.179,105780
591,Madhya Pradesh,2008,107234,62248,85259,945.2,1050.1,92093
592,Madhya Pradesh,2010,100909,92093,62248,818.9,701.6,129033
593,Madhya Pradesh,2000,602,595,300,719.189,1022.792,336
594,Madhya Pradesh,2001,494,336,595,751.577,719.189,235
595,Madhya Pradesh,2002,418,235,336,625.946,751.577,165
596,Madhya Pradesh,2005,326,280,227,642.5,828,173
597,Madhya Pradesh,2006,303,173,280,1628.3,642.5,134
598,Madhya Pradesh,2007,229,134,173,1060.9,1628.3,115
599,Madhya Pradesh,2008,190,115,134,692.7,1060.9,84
600,Madhya Pradesh,2010,112,84,115,620.5,785.9,83
601,Madhya Pradesh,2000,6026,19158,2700,667.466,945.808,6672
602,Madhya Pradesh,2001,5502,6672,19158,719.371,667.466,12997
603,Madhya Pradesh,2002,2507,12997,6672,412.602,719.371,2096
604,Madhya Pradesh,2010,9476,16745,17701,611.7,372,28320
605,Madhya Pradesh,2000,6384,6813,3100,766.44,1104.87,5478
606,Madhya Pradesh,2002,4713,6975,5478,555.38,777.982,1883
607,Madhya Pradesh,2005,6159,5909,8572,741.3,692.2,5846
608,Madhya Pradesh,2007,5128,4751,5846,525,580.7,3942
609,Madhya Pradesh,2008,7965,3942,4751,795.5,525,9047
610,Madhya Pradesh,2010,8333,9047,3942,844.6,753.2,13216
611,Madhya Pradesh,2000,119845,82874,46500,816.147,1041.537,52495
612,Madhya Pradesh,2001,124690,52495,82874,847.651,816.147,88915
613,Madhya Pradesh,2002,116069,88915,52495,873.933,847.651,72217
614,Madhya Pradesh,2005,124631,84412,130044,785.8,759.4,91888
615,Madhya Pradesh,2008,72724,80307,103520,785.4,775.5,50901
616,Madhya Pradesh,2010,58194,50901,80307,835,685.1,50974
617,Madhya Pradesh,2000,22735,19813,10100,890.645,1262.888,15317
618,Madhya Pradesh,2002,21513,15973,15317,733.632,886.615,7311
619,Madhya Pradesh,2005,18373,9379,19266,713.4,567.3,9024
620,Madhya Pradesh,2006,14485,9024,9379,593.7,713.4,5721
621,Madhya Pradesh,2007,11658,5721,9024,388,593.7,1969
622,Madhya Pradesh,2010,11976,7313,1969,574.5,778.1,5378
623,Madhya Pradesh,2001,10,8,9,691.892,636.673,4
624,Madhya Pradesh,2002,8,4,8,595.024,691.892,2
625,Madhya Pradesh,2005,5,10,3,669.4,898.8,2
626,Madhya Pradesh,2000,40230,28348,16900,953.7,1239.366,14028
627,Madhya Pradesh,2001,42586,14028,28348,1080.966,953.7,20562
628,Madhya Pradesh,2002,42439,20562,14028,1017.235,1080.966,15349
629,Madhya Pradesh,2005,43986,18980,27551,1634.4,922.1,36551
630,Madhya Pradesh,2006,43765,36551,18980,1074,1634.4,23951
631,Madhya Pradesh,2008,45644,24803,23951,1087.8,1007.1,30521
632,Madhya Pradesh,2010,38127,30521,24803,883.7,905.2,35056
633,Madhya Pradesh,2001,740,395,495,868.284,917.396,443
634,Madhya Pradesh,2002,686,443,395,676.869,868.284,209
635,Madhya Pradesh,2005,619,397,449,1059.3,935.6,479
636,Madhya Pradesh,2006,571,479,397,1296.3,1059.3,446
637,Madhya Pradesh,2008,522,404,446,1169.1,782.1,427
638,Maharashtra,2006,8400,400,5800,771.8,641.5,6600
639,Maharashtra,2008,9300,102,6600,648.9,591.2,9100
640,Maharashtra,2010,7500,2800,9100,844.1,651.8,7000
641,Maharashtra,2000,8900,5600,6100,604.312,1020.788,4400
642,Maharashtra,2001,10300,4400,5600,547.136,604.312,9700
643,Maharashtra,2002,11000,9700,4400,748.127,547.136,7200
644,Maharashtra,2005,200,600,1000,675.1,662.2,900
645,Maharashtra,2008,1000,7,1500,607.1,569.7,400
646,Maharashtra,2010,800,200,400,941.4,826,300
647,Maharashtra,1999,141000,365800,381500,1203.006,1123.532,218200
648,Maharashtra,2001,142400,139700,218200,1249.258,992.379,195500
649,Maharashtra,2005,168400,119700,264200,1797.5,781.7,283700
650,Maharashtra,1999,140600,159700,190100,1036.87,1115.834,211500
651,Maharashtra,2002,142100,220500,119200,947.19,1155.971,108300
652,Maharashtra,2006,136300,206400,107200,1270.3,1602.8,188700
653,Maharashtra,2007,1613,188700,206400,1455.2,1270.3,2517
654,Maharashtra,2008,157700,2517,188700,1074.4,1455.2,133700
655,Maharashtra,2009,112600,133700,2517,761.1,1074.4,69700
656,Maharashtra,2000,4900,4700,15900,814.783,1033.56,1800
657,Maharashtra,2001,4900,1800,4700,823.467,814.783,5600
658,Maharashtra,2002,5200,5600,1800,787.505,823.467,4200
659,Maharashtra,2000,138400,190100,154100,1061.965,1032,107300
660,Maharashtra,2001,142100,107300,190100,1144.01,1061.965,163800
661,Maharashtra,2002,142600,163800,107300,911.446,1144.01,74900
662,Maharashtra,2005,147200,125200,175700,1607.4,1105.7,222100
663,Maharashtra,2006,140000,222100,125200,1790.3,1607.4,206100
664,Maharashtra,2007,1491,206100,222100,1591.7,1790.3,2231
665,Maharashtra,2005,177800,97600,255000,1709.9,917,271200
666,Maharashtra,2007,1925,209200,271200,1224.7,1520.6,3190
667,Maharashtra,2008,185100,3190,209200,1115.9,1224.7,130900
668,Maharashtra,2009,181900,130900,3190,1049,1115.9,197500
669,Maharashtra,2002,15900,9700,8900,769.062,555.357,9300
670,Maharashtra,1999,1800,1900,1600,766.878,729.83,1700
671,Maharashtra,2000,1700,1700,1900,486.503,766.878,2100
672,Maharashtra,2001,1200,2100,1700,489.995,486.503,700
673,Maharashtra,2002,900,700,2100,564.437,489.995,800
674,Maharashtra,2005,200,400,1100,541,647.5,300
675,Maharashtra,2007,1,100,300,595.4,1239.3,1
676,Maharashtra,2009,200,1,100,717.3,547.3,100
677,Maharashtra,2000,1200,700,400,474.395,844.066,700
678,Maharashtra,2001,600,700,700,433.153,474.395,400
679,Maharashtra,2002,600,400,700,583.923,433.153,100
680,Maharashtra,1999,103200,289100,246100,2010.763,2213.201,261900
681,Maharashtra,2000,106300,261900,289100,1871.817,2010.763,232800
682,Maharashtra,2001,105900,232800,261900,1375.969,1871.817,289400
683,Maharashtra,2006,109800,246100,279100,2611.4,2809.8,284800
684,Maharashtra,2007,1119,284800,246100,2260.6,2611.4,3362
685,Maharashtra,2008,113800,3362,284800,2082,2260.6,285200
686,Maharashtra,2009,112700,285200,3362,1989.6,2082,291800
687,Maharashtra,2010,111500,291800,285200,1988.5,1989.6,321600
688,Maharashtra,1999,19700,9800,5500,750.051,957.502,11700
689,Maharashtra,2000,20800,11700,9800,759.397,750.051,13000
690,Maharashtra,2001,20700,13000,11700,678.564,759.397,13400
691,Maharashtra,2005,18200,6200,6700,1091.3,786.2,8300
692,Maharashtra,2006,15900,8300,6200,893,1091.3,8600
693,Maharashtra,2007,126,8600,8300,802.4,893,59
694,Maharashtra,2008,3900,59,8600,710.3,802.4,1400
695,Maharashtra,2010,6300,1300,1400,1148.8,549.4,2800
696,Maharashtra,1999,37300,40000,23700,1124.658,1070.895,41500
697,Maharashtra,2000,37500,41500,40000,870.965,1124.658,37100
698,Maharashtra,2001,42500,37100,41500,1039.598,870.965,54700
699,Maharashtra,2006,46000,61700,41200,1076.4,1329.3,69100
700,Maharashtra,2007,496,69100,61700,1250.7,1076.4,754
701,Maharashtra,2008,57500,754,69100,840.8,1250.7,54600
702,Maharashtra,2009,70900,54600,754,986.7,840.8,80300
703,Maharashtra,2010,71400,80300,54600,1289.4,986.7,70100
704,Maharashtra,1999,26100,15800,15100,957.789,1116.204,15600
705,Maharashtra,2000,26700,15600,15800,861.335,957.789,20100
706,Maharashtra,2002,24100,24400,20100,786.509,688.676,15300
707,Maharashtra,2007,14500,9400,6700,586.9,745.3,105
708,Maharashtra,2010,5200,1500,4200,1002,528.7,2700
709,Maharashtra,2001,20000,4900,229400,1171.421,1157.21,12300
710,Maharashtra,2002,19800,12300,4900,1014.036,1171.421,14500
711,Maharashtra,2005,19700,9700,17700,1206.5,1093.6,30900
712,Maharashtra,2006,20000,30900,9700,1590.8,1206.5,16900
713,Maharashtra,2007,210,16900,30900,1122,1590.8,312
714,Maharashtra,2008,20400,312,16900,1038.5,1122,21900
715,Maharashtra,2009,18700,21900,312,719.6,1038.5,12900
716,Maharashtra,1999,47800,57200,59600,1130.977,1445.435,57200
717,Maharashtra,2000,45600,57200,57200,957.618,1130.977,39800
718,Maharashtra,2001,46600,39800,57200,981.116,957.618,56300
719,Maharashtra,2002,49100,56300,39800,863.165,981.116,43900
720,Maharashtra,1999,15200,3600,3900,655.838,829.503,8500
721,Maharashtra,2000,17200,8500,3600,642.003,655.838,8400
722,Maharashtra,2002,16700,2400,8400,521.912,613.382,5200
723,Maharashtra,2005,17000,6700,2600,860.8,676.2,6400
724,Maharashtra,2006,17500,6400,6700,636.9,860.8,6700
725,Maharashtra,2007,166,6700,6400,621,636.9,69
726,Maharashtra,2008,5000,69,6700,771.2,621,1800
727,Maharashtra,2009,6100,1800,69,764.3,771.2,3700
728,Maharashtra,2010,11200,3700,1800,1070.1,764.3,3400
729,Maharashtra,1999,9100,10300,10300,893.944,991.133,4200
730,Maharashtra,2000,9600,4200,10300,637.517,893.944,3300
731,Maharashtra,2001,9600,3300,4200,548.82,637.517,5300
732,Maharashtra,2002,9400,5300,3300,675.948,548.82,4700
733,Maharashtra,2005,7000,3100,3600,1258.9,590.7,2700
734,Maharashtra,2006,7800,2700,3100,938.7,1258.9,3200
735,Maharashtra,2007,7200,3200,2700,817.8,938.7,28
736,Maharashtra,2008,5800,28,3200,709.1,817.8,1900
737,Maharashtra,1999,61700,73700,66000,1235.683,1603.243,89200
738,Maharashtra,2000,64000,89200,73700,1094.062,1235.683,75200
739,Maharashtra,2001,59100,75200,89200,1045.825,1094.062,86400
740,Maharashtra,2002,57700,86400,75200,1024.881,1045.825,40000
741,Maharashtra,2005,64500,85100,84700,1233.7,801.1,73800
742,Maharashtra,2006,63900,73800,85100,1183.1,1233.7,68900
743,Maharashtra,2007,628,68900,73800,910.5,1183.1,782
744,Maharashtra,2008,61200,782,68900,810,910.5,75500
745,Maharashtra,2009,62600,75500,782,946.5,810,51200
746,Maharashtra,2010,60900,51200,75500,961.3,946.5,71900
747,Maharashtra,2005,121000,275900,353600,3975.7,3228.4,272900
748,Maharashtra,2006,123600,272900,275900,3831.9,3975.7,291100
749,Maharashtra,2007,1246,291100,272900,3757.1,3831.9,3127
750,Maharashtra,2008,123800,3127,291100,3323.2,3757.1,335900
751,Maharashtra,2009,124000,335900,3127,2459.8,3323.2,311500
752,Maharashtra,2010,124600,311500,335900,3574.5,2459.8,294600
753,Maharashtra,2005,77000,186500,238500,3634.6,3103.1,194600
754,Maharashtra,2006,77900,194600,186500,3698.7,3634.6,210900
755,Maharashtra,2007,767,210900,194600,4076.2,3698.7,1965
756,Maharashtra,2008,77400,1965,210900,2991.2,4076.2,201000
757,Maharashtra,2010,78000,202700,201000,4201.7,2975.8,223100
758,Maharashtra,2000,18600,47200,51500,1189.479,1189.682,40400
759,Maharashtra,2001,17700,40400,47200,956.722,1189.479,47200
760,Maharashtra,2002,18500,47200,40400,978.843,956.722,28400
761,Maharashtra,2007,187,28900,39500,775.2,875.2,436
762,Maharashtra,2008,18700,436,28900,726,775.2,38700
763,Maharashtra,2009,18700,38700,436,796.9,726,35100
764,Maharashtra,1999,44000,100200,64300,1566.989,1975.599,71100
765,Maharashtra,2000,43900,71100,100200,1502.003,1566.989,51300
766,Maharashtra,2002,45400,77200,51300,1316.893,1281.431,71200
767,Maharashtra,2005,43600,72900,73400,1530.3,953.1,73400
768,Maharashtra,2006,45000,73400,72900,1362.1,1530.3,93300
769,Maharashtra,2009,50600,109300,1024,1358.6,862.1,76900
770,Maharashtra,2005,74500,210800,236900,2976.8,2609.6,215400
771,Maharashtra,2006,74700,215400,210800,2825.1,2976.8,220400
772,Maharashtra,2007,749,220400,215400,3102.2,2825.1,2051
773,Maharashtra,2009,74600,208000,2051,3649.3,3058.9,196200
774,Maharashtra,2010,73900,196200,208000,4755.7,3649.3,197000
775,Maharashtra,2000,3000,4200,3300,658.429,660.867,3400
776,Maharashtra,2001,600,3400,4200,612.854,658.429,800
777,Maharashtra,2002,500,800,3400,525.115,612.854,300
778,Maharashtra,2007,1381,252200,304700,2594.7,3139.3,3033
779,Maharashtra,2008,138000,3033,252200,2781.4,2594.7,297300
780,Maharashtra,2009,136000,297300,3033,2053.1,2781.4,285000
781,Maharashtra,2010,136000,285000,297300,2840.7,2053.1,275300
782,Maharashtra,1999,500,500,400,1113.896,1059.612,300
783,Maharashtra,2000,600,300,500,822.932,1113.896,300
784,Maharashtra,2001,500,300,300,864.543,822.932,300
785,Maharashtra,2002,500,300,300,906.912,864.543,300
786,Maharashtra,2007,1,100,200,1314.7,1097,1
787,Maharashtra,2001,1300,800,1200,453.136,567.945,1300
788,Maharashtra,2005,300,200,300,1052.8,623.8,100
789,Maharashtra,2006,200,100,200,1199.6,1052.8,100
790,Maharashtra,1999,5300,4000,3800,1073.634,1086.2,4600
791,Maharashtra,2000,5200,4600,4000,821.438,1073.634,4300
792,Maharashtra,2001,4800,4300,4600,722.275,821.438,4800
793,Maharashtra,2002,3700,4800,4300,854.621,722.275,2400
794,Punjab,1999,319000,878000,879000,332.065,419.293,991000
795,Punjab,2000,319000,991000,878000,425.052,332.065,972000
796,Punjab,2002,311000,958000,972000,355.366,446.175,879000
797,Punjab,2005,345000,1034000,872000,693.4,381.6,1003000
798,Punjab,2010,186000,501000,532000,478.8,276.4,503000
799,Punjab,1999,99000,287000,212000,222.046,340.346,392000
800,Punjab,2000,99000,392000,287000,323.646,222.046,350000
801,Punjab,2001,82000,350000,392000,318.028,323.646,307000
802,Punjab,1999,90000,246000,214000,225.97,327.465,305000
803,Punjab,2000,90000,305000,246000,320.337,225.97,310000
804,Punjab,2001,70000,310000,305000,321.469,320.337,267000
805,Punjab,2002,86000,267000,310000,220.288,321.469,280000
806,Punjab,2008,95000,351000,338000,359.4,366.8,414000
807,Punjab,2009,98000,414000,351000,323,359.4,414000
808,Punjab,2010,101000,414000,414000,252.2,323,409000
809,Punjab,1999,82000,271000,302000,333.894,511.049,302000
810,Punjab,2001,81000,350000,302000,419.451,489.067,324000
811,Punjab,2002,80000,324000,350000,391.14,419.451,312000
812,Punjab,2008,85000,383000,340000,206.1,156,363000
813,Punjab,2009,86000,363000,383000,161.7,206.1,391000
814,Punjab,2010,87000,391000,363000,304.9,161.7,366000
815,Punjab,1999,198000,465000,509000,499.554,577.419,561000
816,Punjab,2000,191000,561000,465000,518.085,499.554,569000
817,Punjab,2005,190000,641000,587000,1116,700.9,590000
818,Punjab,2006,201000,590000,641000,1032.4,1116,636000
819,Punjab,2009,204000,663000,617000,599.2,1220.4,640000
820,Punjab,2010,204000,640000,663000,918.1,599.2,705000
821,Punjab,1999,61000,171000,169000,470.673,588.033,178000
822,Punjab,2000,63000,178000,171000,525.373,470.673,192000
823,Punjab,2001,60000,192000,178000,533.995,525.373,171000
824,Punjab,2002,56000,171000,192000,529.757,533.995,159000
825,Punjab,2006,56000,182000,171000,489.6,480.2,157000
826,Punjab,2007,56000,157000,182000,621,489.6,185000
827,Punjab,2008,60000,185000,157000,993.1,621,209000
828,Punjab,1999,133000,436000,422000,355.54,470.867,464000
829,Punjab,2000,136000,464000,436000,454.784,355.54,488000
830,Punjab,2002,133000,445000,488000,407.946,436.467,495000
831,Punjab,2005,151000,538000,465000,833.9,496.3,526000
832,Punjab,2007,149000,514000,526000,622.8,576.9,554000
833,Punjab,2008,155000,554000,514000,724.7,622.8,588000
834,Punjab,2009,161000,588000,554000,615.4,724.7,636000
835,Punjab,2010,163000,636000,588000,513.2,615.4,588000
836,Punjab,1999,100000,314000,290000,343.463,447.869,319000
837,Punjab,2001,103000,358000,319000,433.651,441.611,357000
838,Punjab,2002,102000,357000,358000,388.922,433.651,362000
839,Punjab,2005,108000,423000,361000,683.8,280.8,422000
840,Punjab,2001,235000,939000,856000,400.61,448.663,916000
841,Punjab,2002,236000,916000,939000,360.956,400.61,1020000
842,Punjab,2005,250000,1144000,1047000,611.2,463.2,1130000
843,Punjab,2007,250000,1084000,1130000,474.2,414.1,1133000
844,Punjab,2008,254000,1133000,1084000,840.9,474.2,1135000
845,Punjab,2009,257000,1135000,1133000,559.8,840.9,1206000
846,Punjab,2010,257000,1206000,1135000,563.9,559.8,1133000
847,Punjab,1999,91000,215000,220000,233.391,370.277,291000
848,Punjab,2000,84000,291000,215000,352.99,233.391,306000
849,Punjab,1999,117000,413000,429000,258.243,368.638,393000
850,Punjab,2000,159000,393000,413000,386.348,258.243,596000
851,Punjab,2002,149000,579000,596000,274.034,377.359,568000
852,Punjab,2005,167000,731000,667000,326.8,108.8,735000
853,Punjab,2006,168000,735000,731000,314.3,326.8,711000
854,Punjab,2007,169000,711000,735000,283.8,314.3,749000
855,Punjab,2008,174000,749000,711000,419.8,283.8,8.00E+05
856,Punjab,2009,172000,8.00E+05,749000,328.8,419.8,812000
857,Punjab,2010,172000,812000,8.00E+05,407.9,328.8,745000
858,Punjab,1999,91000,221000,97000,202.1,309.028,272000
859,Punjab,2001,65000,309000,272000,278.582,276.684,239000
860,Punjab,2002,83000,239000,309000,182.693,278.582,261000
861,Punjab,2009,100000,402000,283000,176.9,382.6,387000
862,Punjab,2010,111000,387000,402000,262.4,176.9,432000
863,Punjab,1999,46000,150000,145000,414.584,560.069,160000
864,Punjab,2000,47000,160000,150000,513.124,414.584,158000
865,Punjab,2001,45000,158000,160000,475.286,513.124,143000
866,Punjab,2002,43000,143000,158000,484.296,475.286,151000
867,Punjab,1999,250000,772000,792000,337.404,539.748,812000
868,Punjab,2000,255000,812000,772000,511.975,337.404,854000
869,Punjab,2001,252000,854000,812000,440.268,511.975,908000
870,Punjab,2002,237000,908000,854000,385.446,440.268,818000
871,Punjab,2005,252000,965000,950000,770.9,815.4,996000
872,Punjab,2007,234000,989000,996000,473.7,436.8,999000
873,Punjab,2009,240000,1009000,999000,516.5,1320.4,1021000
874,Punjab,2010,234000,1021000,1009000,798,516.5,873000
875,Punjab,1999,50000,128000,138000,426.253,616.607,156000
876,Punjab,2000,49000,156000,128000,557.325,426.253,163000
877,Punjab,2001,51000,163000,156000,479.695,557.325,163000
878,Punjab,2002,44000,163000,163000,510.99,479.695,141000
879,Punjab,1999,360000,1262000,1277000,267.911,412.675,1282000
880,Punjab,2000,357000,1282000,1262000,413.34,267.911,1342000
881,Punjab,2006,362000,1625000,1710000,334.6,281.8,1637000
882,Punjab,2008,267000,1207000,1637000,418.5,216.5,1233000
883,Punjab,2009,271000,1233000,1207000,324.5,418.5,1273000
884,Punjab,2010,272000,1273000,1233000,515.8,324.5,1185000
885,Rajasthan,1999,69,34,100,500.932,612.442,87
886,Rajasthan,2000,31,87,34,415.871,500.932,29
887,Rajasthan,2001,51,29,87,573.769,415.871,64
888,Rajasthan,2002,2,64,29,155.712,573.769,2
889,Rajasthan,2006,15,19,27,442.6,498.7,24
890,Rajasthan,2007,6,24,19,377.6,442.6,12
891,Rajasthan,2009,7,7,12,253.6,492.3,11
892,Rajasthan,2010,9,11,7,661.7,253.6,18
893,Rajasthan,1999,605,466,300,550.908,664.626,763
894,Rajasthan,2001,274,371,763,627.436,538.404,342
895,Rajasthan,2002,104,342,371,285.373,627.436,84
896,Rajasthan,2005,132,206,265,685.6,428.6,193
897,Rajasthan,2006,127,193,206,448,685.6,200
898,Rajasthan,2007,155,200,193,557.2,448,315
899,Rajasthan,2008,265,315,200,880.9,557.2,479
900,Rajasthan,2010,378,524,479,820.5,495.3,766
901,Rajasthan,1999,45290,48058,45400,781.781,958.88,29946
902,Rajasthan,2000,40589,29946,48058,632.613,781.781,2386
903,Rajasthan,2005,33179,21080,23750,758.4,1080.2,21774
904,Rajasthan,2006,33252,21774,21080,1801.2,758.4,18756
905,Rajasthan,2007,35853,18756,21774,1243.2,1801.2,46686
906,Rajasthan,2008,31530,46686,18756,488.6,1243.2,12376
907,Rajasthan,2000,3215,1730,1386,672.554,954.787,2618
908,Rajasthan,2001,4792,2618,1730,718.054,672.554,7422
909,Rajasthan,2002,1611,7422,2618,417.883,718.054,1758
910,Rajasthan,2008,6401,10595,3571,823.2,561,20058
911,Rajasthan,2009,8298,20058,10595,661.4,823.2,18491
912,Rajasthan,2010,8231,18491,20058,600.5,661.4,23800
913,Rajasthan,1999,5659,6881,3300,788.628,635.718,9119
914,Rajasthan,2000,2617,9119,6881,540.218,788.628,3279
915,Rajasthan,2001,1880,3279,9119,653.867,540.218,2505
916,Rajasthan,2002,484,2505,3279,381.649,653.867,306
917,Rajasthan,2005,3368,1206,2428,698.1,505.7,7351
918,Rajasthan,2006,878,7351,1206,365.1,698.1,638
919,Rajasthan,2007,684,638,7351,422.3,365.1,1114
920,Rajasthan,2008,2281,1114,638,784.4,422.3,2766
921,Rajasthan,2010,1536,3303,2766,751,555.5,3095
922,Rajasthan,1999,819,410,200,568.038,720.777,1033
923,Rajasthan,2002,242,319,294,206.753,627.514,197
924,Rajasthan,2006,207,423,358,723.3,563.5,326
925,Rajasthan,2008,278,502,326,505.3,570.7,502
926,Rajasthan,2009,430,502,502,358.6,505.3,651
927,Rajasthan,2010,392,651,502,705.8,358.6,794
928,Rajasthan,2000,33,40,2,175.029,176.57,31
929,Rajasthan,2002,5,31,40,76.944,236.813,4
930,Rajasthan,2005,17,25,21,267.1,118.2,25
931,Rajasthan,2006,7,25,25,200.5,267.1,11
932,Rajasthan,2007,1,11,25,327.6,200.5,2
933,Rajasthan,2008,179,2,11,338.2,327.6,323
934,Rajasthan,2009,63,323,2,204.5,338.2,95
935,Rajasthan,1999,57860,54335,45300,758.184,774.929,76293
936,Rajasthan,2000,47883,76293,54335,580.076,758.184,37633
937,Rajasthan,2001,29295,37633,76293,698.51,580.076,31079
938,Rajasthan,2002,9255,31079,37633,288.906,698.51,3965
939,Rajasthan,2005,8788,11200,14763,562.3,516.1,12485
940,Rajasthan,2006,9421,12485,11200,517.9,562.3,16208
941,Rajasthan,2008,24506,39552,16208,564.8,585.7,45335
942,Rajasthan,2009,36145,45335,39552,387.2,564.8,31357
943,Rajasthan,2010,22898,31357,45335,616.7,387.2,42971
944,Rajasthan,2005,664,1048,1283,638.6,959.8,974
945,Rajasthan,2007,860,958,974,610.3,1121.8,1747
946,Rajasthan,2010,836,1133,667,777.4,646.9,1693
947,Rajasthan,2000,3,93,17,531.604,737.871,3
948,Rajasthan,2001,1,3,93,666.507,531.604,1
949,Rajasthan,2005,837,960,1287,698.8,828.9,1228
950,Rajasthan,2006,536,1228,960,375.8,698.8,845
951,Rajasthan,2009,569,1037,983,422.9,868.8,862
952,Rajasthan,2010,679,862,1037,736.3,422.9,1375
953,Rajasthan,1999,21366,7860,34900,712.448,991.59,5818
954,Rajasthan,2000,15144,5818,7860,657.862,712.448,1495
955,Rajasthan,2001,20576,1495,5818,724.989,657.862,8516
956,Rajasthan,2006,27161,7234,20267,1369.4,628.6,18171
957,Rajasthan,2008,14842,39241,18171,424.4,945.6,3288
958,Rajasthan,2010,13727,5060,3288,593.4,719.4,9058
959,Rajasthan,1999,6583,7094,5600,155.309,274.043,11887
960,Rajasthan,2000,4588,11887,7094,175.681,155.309,8829
961,Rajasthan,2001,3512,8829,11887,203.601,175.681,7888
962,Rajasthan,1999,37006,59881,34700,201.93,349.757,91185
963,Rajasthan,2001,28345,86021,91185,271.412,266.939,86387
964,Rajasthan,2002,22232,86387,86021,137.043,271.412,38653
965,Rajasthan,2005,16969,64671,67043,334.5,171.5,65501
966,Rajasthan,2006,15550,65501,64671,237.7,334.5,72134
967,Rajasthan,2007,18169,72134,65501,221.7,237.7,76206
968,Rajasthan,2010,22311,84380,88500,339.2,163.6,88450
969,Rajasthan,2001,9,11,3,622.597,485.021,11
970,Rajasthan,1999,241,340,400,960.856,938.097,304
971,Rajasthan,2000,230,304,340,679.271,960.856,215
972,Rajasthan,2001,223,215,304,751.671,679.271,278
973,Rajasthan,2002,357,278,215,477.764,751.671,290
974,Rajasthan,2005,719,662,755,661.8,808.8,1055
975,Rajasthan,2006,720,1055,662,1087,661.8,1135
976,Rajasthan,2008,1679,2389,1135,618.7,726,3034
977,Rajasthan,2009,2397,3034,2389,689.2,618.7,3631
978,Rajasthan,2010,2294,3631,3034,601.5,689.2,5858
979,Rajasthan,2000,1844,2949,2241,603.639,877.829,194
980,Rajasthan,2001,2436,194,2949,701.248,603.639,566
981,Rajasthan,2005,2295,3139,2405,621.6,481.5,2810
982,Rajasthan,2006,1840,2810,3139,393.5,621.6,4327
983,Rajasthan,2007,1892,4327,2810,545.3,393.5,1816
984,Rajasthan,1999,8799,5957,4700,867.276,835.949,13634
985,Rajasthan,2000,7508,13634,5957,637.109,867.276,8347
986,Rajasthan,2001,6318,8347,13634,729.826,637.109,11557
987,Rajasthan,2002,5261,11557,8347,354.05,729.826,5741
988,Rajasthan,2005,6642,10791,9997,665.2,853,15606
989,Rajasthan,2006,6505,15606,10791,964.7,665.2,17751
990,Rajasthan,2007,8402,17751,15606,746.6,964.7,20645
991,Rajasthan,2009,17348,36786,20645,577.9,662.5,37733
992,Rajasthan,2010,1324,2318,2765,717.8,648,2681
993,Rajasthan,1999,217,286,500,479.668,715.143,274
994,Rajasthan,2000,164,274,286,423.513,479.668,154
995,Rajasthan,2005,83,99,154,659.7,443.9,122
996,Rajasthan,2006,105,122,99,666.6,659.7,165
997,Rajasthan,2007,160,165,122,508.6,666.6,325
998,Rajasthan,2009,61,190,325,390.4,314.4,92
999,Rajasthan,2010,86,92,190,808.2,390.4,174
1000,Rajasthan,1999,1142,1930,2100,804.861,681.237,1441
1001,Rajasthan,2002,17,443,202,327.426,685.712,14
1002,Rajasthan,2000,7,10,14,485.792,445.039,6
1003,Rajasthan,2001,7,6,10,591.809,485.792,9
1004,Rajasthan,2002,3,9,6,216.9,591.809,2
1005,Rajasthan,2005,1,2,10,948.6,675.8,2
1006,Rajasthan,2006,7,2,2,1545.5,948.6,11
1007,Rajasthan,2008,3,6,11,468.1,862.2,5
1008,Rajasthan,2000,70,196,40,505.741,653.457,66
1009,Rajasthan,2001,12,66,196,636.963,505.741,15
1010,Rajasthan,2002,10,15,66,238.646,636.963,8
1011,Rajasthan,2009,7,6,8,295.8,547.2,11
1012,Rajasthan,1999,6452,5257,8700,603.668,894.264,2877
1013,Rajasthan,2000,5879,2877,5257,558.297,603.668,1663
1014,Rajasthan,2001,6272,1663,2877,668.199,558.297,7038
1015,Rajasthan,2002,3683,7038,1663,333.659,668.199,880
1016,Rajasthan,2005,5785,4165,6070,705.4,608.5,4477
1017,Rajasthan,2007,5759,5725,4477,513.8,1092,4256
1018,Rajasthan,2008,3689,4256,5725,594.5,513.8,2013
1019,Rajasthan,2009,4253,2013,4256,582.8,594.5,2594
1020,Tamil Nadu,2000,12170,60494,51575,2351.395,2177.803,47066
1021,Tamil Nadu,2001,10548,47066,60494,2308.308,2351.395,37200
1022,Tamil Nadu,2005,7406,24454,10643,1004.6,714,20665
1023,Tamil Nadu,2007,6479,24009,20665,722.3,765.6,24456
1024,Tamil Nadu,2008,2573,24456,24009,1234.4,722.3,25437
1025,Tamil Nadu,2009,2817,25437,24456,1230.1,1234.4,9884
1026,Tamil Nadu,2010,2666,9884,25437,731.4,1230.1,10419
1027,Tamil Nadu,2000,123804,447523,418149,1113.366,711.07,472024
1028,Tamil Nadu,2001,108375,472024,447523,986.036,1113.366,402810
1029,Tamil Nadu,2002,102336,402810,472024,930.045,986.036,281708
1030,Tamil Nadu,2005,114291,315702,317655,1901.9,1603.7,218345
1031,Tamil Nadu,2006,105440,218345,315702,1350.2,1901.9,392384
1032,Tamil Nadu,2008,107817,335119,392384,1848.8,1222.4,223882
1033,Tamil Nadu,2009,111517,223882,335119,1385.8,1848.8,322962
1034,Tamil Nadu,2010,115815,322962,223882,1519.5,1385.8,301506
1035,Tamil Nadu,2000,61608,201243,196352,990.718,835.544,227438
1036,Tamil Nadu,2001,54334,227438,201243,752.56,990.718,189510
1037,Tamil Nadu,2006,21062,85390,38568,760.9,1333,76072
1038,Tamil Nadu,2007,18801,76072,85390,930,760.9,70395
1039,Tamil Nadu,2008,20368,70395,76072,901.4,930,77727
1040,Tamil Nadu,2009,20310,77727,70395,816,901.4,79675
1041,Tamil Nadu,2010,22862,79675,77727,1049.2,816,93207
1042,Tamil Nadu,2000,25246,118998,93305,1636.37,1351.67,111460
1043,Tamil Nadu,2002,15372,76330,111460,1223.69,1787.746,52709
1044,Tamil Nadu,2006,18607,75304,74246,859.8,1309.1,81248
1045,Tamil Nadu,2007,17276,81248,75304,920.6,859.8,67837
1046,Tamil Nadu,2008,19638,67837,81248,1111.5,920.6,72661
1047,Tamil Nadu,2009,16647,72661,67837,800.3,1111.5,78849
1048,Tamil Nadu,2010,18349,78849,72661,1195.9,800.3,98053
1049,Tamil Nadu,2000,68130,270611,232121,1445.085,1282.632,306471
1050,Tamil Nadu,2002,16691,233910,306471,1092.844,1282.13,74471
1051,Tamil Nadu,2005,43539,216247,7962,1191.1,828.9,179564
1052,Tamil Nadu,2006,38548,179564,216247,698.1,1191.1,161599
1053,Tamil Nadu,2007,38360,161599,179564,714.2,698.1,166860
1054,Tamil Nadu,2008,38053,166860,161599,792.1,714.2,196321
1055,Tamil Nadu,2009,38114,196321,166860,738.6,792.1,156419
1056,Tamil Nadu,2010,36659,156419,196321,975.5,738.6,154538
1057,Tamil Nadu,2005,114720,307110,295638,1934.2,1129.2,293875
1058,Tamil Nadu,2006,103107,293875,307110,1079.6,1934.2,395134
1059,Tamil Nadu,2007,91356,395134,293875,1224,1079.6,345129
1060,Tamil Nadu,2008,90874,345129,395134,1396.7,1224,329210
1061,Tamil Nadu,2009,91020,329210,345129,1126.2,1396.7,331434
1062,Tamil Nadu,2000,15277,56473,58225,1245.852,937.8,51797
1063,Tamil Nadu,2001,15539,51797,56473,1149.168,1245.852,56120
1064,Tamil Nadu,2002,12837,56120,51797,897.404,1149.168,37510
1065,Tamil Nadu,2006,13745,48225,54278,556,1102.9,48272
1066,Tamil Nadu,2007,12433,48272,48225,730.4,556,40279
1067,Tamil Nadu,2008,15628,40279,48272,845.3,730.4,60158
1068,Tamil Nadu,2009,15013,60158,40279,587.5,845.3,64087
1069,Tamil Nadu,2010,14808,64087,60158,837.6,587.5,56991
1070,Tamil Nadu,2007,14982,51037,57797,933.4,574.5,47672
1071,Tamil Nadu,2008,14621,47672,51037,1010.5,933.4,52303
1072,Tamil Nadu,2009,16490,52303,47672,906.7,1010.5,64976
1073,Tamil Nadu,2010,16337,64976,52303,1004.3,906.7,70126
1074,Tamil Nadu,2000,168155,518670,551392,1094.683,673.678,556041
1075,Tamil Nadu,2001,168265,556041,518670,1060.603,1094.683,427500
1076,Tamil Nadu,2002,137724,427500,556041,1000.31,1060.603,159449
1077,Tamil Nadu,2000,21456,105619,83225,1074.422,808.118,100757
1078,Tamil Nadu,2001,21361,100757,105619,880.983,1074.422,97610
1079,Tamil Nadu,2002,9442,97610,100757,757.029,880.983,34968
1080,Tamil Nadu,2005,18833,28793,24358,1183.3,708.2,68849
1081,Tamil Nadu,2006,15222,68849,28793,850.3,1183.3,57678
1082,Tamil Nadu,2008,13909,45300,57678,957.3,754.4,67301
1083,Tamil Nadu,2009,10687,67301,45300,613.6,957.3,45946
1084,Tamil Nadu,2000,43993,146412,164567,1114.271,668.287,153058
1085,Tamil Nadu,2001,48734,153058,146412,841.644,1114.271,118710
1086,Tamil Nadu,2002,35879,118710,153058,759.915,841.644,60512
1087,Tamil Nadu,2000,97289,347210,368902,1058.479,653.08,349674
1088,Tamil Nadu,2001,83500,349674,347210,886.208,1058.479,220600
1089,Tamil Nadu,2002,76443,220600,349674,823.156,886.208,158377
1090,Tamil Nadu,2000,123351,98806,471001,1061.997,823.026,85929
1091,Tamil Nadu,2001,124517,85929,98806,1177.7,1061.997,169900
1092,Tamil Nadu,2006,130422,247079,254700,856,1254.1,223190
1093,Tamil Nadu,2007,123771,223190,247079,787.8,856,29879
1094,Tamil Nadu,2008,128795,29879,223190,1492.7,787.8,202989
1095,Tamil Nadu,2010,131397,234880,202989,1108.6,924.8,253999
1096,Tamil Nadu,2000,45960,186402,166121,1034.797,755.037,194714
1097,Tamil Nadu,2002,11058,204300,194714,731.46,795.074,39592
1098,Tamil Nadu,2005,37328,96626,43645,1216.2,981.3,137291
1099,Tamil Nadu,2006,27483,137291,96626,876.5,1216.2,99811
1100,Tamil Nadu,2007,21711,99811,137291,949.9,876.5,72083
1101,Tamil Nadu,2008,29929,72083,99811,1139.5,949.9,120383
1102,Tamil Nadu,2010,33296,106464,120383,1264.5,896.9,147778
1103,Tamil Nadu,2000,80708,170503,302924,1021.129,758.395,166959
1104,Tamil Nadu,2005,89924,179535,49833,1289.2,1104,192738
1105,Tamil Nadu,2006,81385,192738,179535,965.9,1289.2,109450
1106,Tamil Nadu,2007,76733,109450,192738,886.6,965.9,78939
1107,Tamil Nadu,2008,80833,78939,109450,1176.8,886.6,132139
1108,Tamil Nadu,2009,77332,132139,78939,898.1,1176.8,138095
1109,Tamil Nadu,2010,83927,138095,132139,1153.5,898.1,188417
1110,Tamil Nadu,2000,196816,610534,674525,1126.489,637.198,678014
1111,Tamil Nadu,2005,154901,439323,354937,1464.2,1309.6,399483
1112,Tamil Nadu,2006,164243,399483,439323,841.7,1464.2,598160
1113,Tamil Nadu,2009,162938,357161,479643,1196.8,1451.5,427142
1114,Tamil Nadu,2010,166209,427142,357161,1364.9,1196.8,476793
1115,Tamil Nadu,2000,2100,6334,9192,2572.312,2418.356,5552
1116,Tamil Nadu,2001,2154,5552,6334,2333.395,2572.312,8440
1117,Tamil Nadu,2002,1848,8440,5552,2220.431,2333.395,6229
1118,Tamil Nadu,2000,20885,78300,75580,2405.145,2166.71,75835
1119,Tamil Nadu,2001,17422,75835,78300,2947.135,2405.145,77880
1120,Tamil Nadu,2002,13783,77880,75835,1849.289,2947.135,54953
1121,Tamil Nadu,2007,14400,64209,65285,874.1,740.5,61662
1122,Tamil Nadu,2008,15579,61662,64209,1043,874.1,80292
1123,Tamil Nadu,2009,15371,80292,61662,814,1043,77710
1124,Tamil Nadu,2000,93052,467581,484861,990.978,880.019,359163
1125,Tamil Nadu,2001,94422,359163,467581,1065.882,990.978,321610
1126,Tamil Nadu,2002,87758,321610,359163,969.852,1065.882,279519
1127,Tamil Nadu,2000,181379,470163,618912,1203.814,720.433,554654
1128,Tamil Nadu,2001,174722,554654,470163,1172.974,1203.814,460110
1129,Tamil Nadu,2000,76076,346419,327029,1240.888,1194.849,322797
1130,Tamil Nadu,2002,66205,290130,322797,1097.466,1714.78,266289
1131,Tamil Nadu,2005,86397,358920,197848,1023.8,1041.3,309065
1132,Tamil Nadu,2006,91884,309065,358920,1177,1023.8,385278
1133,Tamil Nadu,2007,83711,385278,309065,840.3,1177,323944
1134,Tamil Nadu,2008,91320,323944,385278,1290.9,840.3,374214
1135,Tamil Nadu,2010,79764,355877,374214,865.8,912.8,351822
1136,Tamil Nadu,2002,43872,370960,252589,880.302,944.904,115453
1137,Tamil Nadu,2007,112148,366051,393528,1192.8,924.5,385914
1138,Tamil Nadu,2009,105177,317944,385914,866.9,1155.4,324984
1139,Tamil Nadu,2010,125490,324984,317944,1295.2,866.9,357692
1140,Tamil Nadu,2005,19932,67929,56888,734.6,844.1,81816
1141,Tamil Nadu,2006,21376,81816,67929,909.5,734.6,94000
1142,Tamil Nadu,2007,18056,94000,81816,576.7,909.5,64735
1143,Tamil Nadu,2009,19549,108163,64735,665.3,1076.9,96675
1144,Tamil Nadu,2010,20007,96675,108163,784.8,665.3,89442
1145,Tamil Nadu,2000,52332,190899,263941,1033.614,859.523,163141
1146,Tamil Nadu,2001,60113,163141,190899,889.493,1033.614,234130
1147,Tamil Nadu,2002,26287,234130,163141,829.109,889.493,89863
1148,Tamil Nadu,2005,58163,90145,108171,1317.9,904.3,167451
1149,Tamil Nadu,2006,41687,167451,90145,855.8,1317.9,129193
1150,Tamil Nadu,2007,44326,129193,167451,1148.8,855.8,148367
1151,Tamil Nadu,2008,47417,148367,129193,863.5,1148.8,171873
1152,Tamil Nadu,2009,39765,171873,148367,758.7,863.5,135834
1153,Tamil Nadu,2005,168435,525850,234750,1384.4,1567.9,511931
1154,Tamil Nadu,2006,144783,511931,525850,1072,1384.4,496113
1155,Tamil Nadu,2007,145403,496113,511931,1200.1,1072,480329
1156,Tamil Nadu,2008,146641,480329,496113,1433,1200.1,451139
1157,Tamil Nadu,2000,22370,116839,119875,1402.926,1225.309,89429
1158,Tamil Nadu,2001,29388,89429,116839,1767.001,1402.926,92270
1159,Tamil Nadu,2002,31607,92270,89429,1176.9,1767.001,86662
1160,Uttar Pradesh,1999,2142,3478,2073,948.845,642.966,3781
1161,Uttar Pradesh,2000,1322,3781,3478,549.769,948.845,2502
1162,Uttar Pradesh,2001,1318,2502,3781,656.458,549.769,2476
1163,Uttar Pradesh,2005,1021,2575,1436,419.4,432.3,2314
1164,Uttar Pradesh,2006,1086,2314,2575,315.2,419.4,2056
1165,Uttar Pradesh,2007,1395,2056,2314,367.5,315.2,2763
1166,Uttar Pradesh,2008,4176,2763,2056,545.1,367.5,9183
1167,Uttar Pradesh,2009,4816,9183,2763,371,545.1,8467
1168,Uttar Pradesh,2010,4342,8467,9183,419,371,9413
1169,Uttar Pradesh,2000,34648,56313,35078,553.455,677.019,68335
1170,Uttar Pradesh,2001,33654,68335,56313,620.866,553.455,65137
1171,Uttar Pradesh,2005,36832,86421,63252,775.2,513.7,76868
1172,Uttar Pradesh,2006,38447,76868,86421,358.7,775.2,79239
1173,Uttar Pradesh,2010,64485,115088,102410,626,284.3,131614
1174,Uttar Pradesh,1999,205329,334437,264382,1045.234,1130.671,431418
1175,Uttar Pradesh,2005,187745,291720,408380,848.6,729,378494
1176,Uttar Pradesh,2006,162136,378494,291720,896.8,848.6,342918
1177,Uttar Pradesh,2007,165636,342918,378494,1009.3,896.8,356449
1178,Uttar Pradesh,2008,185494,356449,342918,1237.1,1009.3,453347
1179,Uttar Pradesh,2009,105361,453347,356449,518.8,1237.1,228633
1180,Uttar Pradesh,2010,141316,228633,453347,578.8,518.8,328560
1181,Uttar Pradesh,1999,111467,256380,270417,691.126,742.107,317373
1182,Uttar Pradesh,2000,116502,317373,256380,613.709,691.126,288186
1183,Uttar Pradesh,2002,113857,296503,288186,764.679,694.589,243408
1184,Uttar Pradesh,2005,114474,233800,298678,1350.4,1244.6,273020
1185,Uttar Pradesh,2006,113782,273020,233800,467.2,1350.4,204580
1186,Uttar Pradesh,2010,113002,288806,358749,557.7,698.6,298099
1187,Uttar Pradesh,1999,49516,109833,94537,1046.394,797.737,121005
1188,Uttar Pradesh,2000,48622,121005,109833,608.473,1046.394,89219
1189,Uttar Pradesh,2001,51471,89219,121005,684.028,608.473,125273
1190,Uttar Pradesh,2002,36993,125273,89219,569.938,684.028,81678
1191,Uttar Pradesh,1999,203833,346646,419064,700.445,729.031,445549
1192,Uttar Pradesh,2000,211031,445549,346646,596.968,700.445,390953
1193,Uttar Pradesh,2001,209614,390953,445549,677.952,596.968,433548
1194,Uttar Pradesh,2002,180384,433548,390953,755.163,677.952,303911
1195,Uttar Pradesh,2005,201562,187398,417537,1079.7,803.1,353338
1196,Uttar Pradesh,2006,207566,353338,187398,1124.4,1079.7,304914
1197,Uttar Pradesh,2000,5949,13777,9200,630.115,356.669,16013
1198,Uttar Pradesh,2001,5949,16013,13777,574.089,630.115,13576
1199,Uttar Pradesh,2002,2806,13576,16013,382.122,574.089,6252
1200,Uttar Pradesh,2000,122059,216828,202696,714.59,732.591,224983
1201,Uttar Pradesh,2001,151827,224983,216828,692.055,714.59,299111
1202,Uttar Pradesh,2006,153920,296815,291375,952.7,1302.9,254892
1203,Uttar Pradesh,2008,159350,302339,254892,1269.5,1484.3,312804
1204,Uttar Pradesh,2000,119614,227541,218751,591.994,753.876,207163
1205,Uttar Pradesh,2001,120779,207163,227541,688.622,591.994,233776
1206,Uttar Pradesh,2002,116396,233776,207163,779.822,688.622,167845
1207,Uttar Pradesh,2006,119243,179210,64687,605.8,658.7,159309
1208,Uttar Pradesh,2000,117161,144816,135837,753.574,783.813,189759
1209,Uttar Pradesh,2002,106445,220172,189759,892.607,798.753,83699
1210,Uttar Pradesh,1999,64840,91229,71202,1191.041,1170.835,86354
1211,Uttar Pradesh,2001,66005,66153,86354,856.276,882.971,92333
1212,Uttar Pradesh,2002,58582,92333,66153,768.334,856.276,47473
1213,Uttar Pradesh,2006,57838,11929,75917,698,1131.8,51129
1214,Uttar Pradesh,1999,154008,321486,276910,747.364,887.724,330481
1215,Uttar Pradesh,2000,159139,330481,321486,677.197,747.364,282912
1216,Uttar Pradesh,2002,146179,336886,282912,713.459,634.112,310333
1217,Uttar Pradesh,2006,182527,416602,461762,617.5,774.9,376553
1218,Uttar Pradesh,1999,181820,361703,376411,766.499,894.622,386081
1219,Uttar Pradesh,2000,179743,386081,361703,637.4,766.499,348088
1220,Uttar Pradesh,2001,175784,348088,386081,553.13,637.4,363683
1221,Uttar Pradesh,2006,187526,301819,359792,696.3,895,335484
1222,Uttar Pradesh,2007,151272,335484,301819,1040.1,696.3,292711
1223,Uttar Pradesh,2008,186648,292711,335484,1356.2,1040.1,326447
1224,Uttar Pradesh,2009,149116,326447,292711,894.2,1356.2,266321
1225,Uttar Pradesh,2010,163015,266321,326447,1430.2,894.2,270279
1226,Uttar Pradesh,2000,111560,252057,164962,635.779,689.992,240346
1227,Uttar Pradesh,2001,119463,240346,252057,719.143,635.779,254295
1228,Uttar Pradesh,2002,117509,254295,240346,793.831,719.143,133227
1229,Uttar Pradesh,1999,63349,183983,186400,489.645,920.199,176290
1230,Uttar Pradesh,2002,52924,194561,183353,601.461,552.087,141933
1231,Uttar Pradesh,2006,61346,140567,175022,810.1,1137.1,158641
1232,Uttar Pradesh,2009,49403,131747,157763,698.8,969.2,118024
1233,Uttar Pradesh,2010,55816,118024,131747,1298,698.8,131000
1234,Uttar Pradesh,1999,108043,150611,141053,791.123,764.988,200329
1235,Uttar Pradesh,2001,103869,169222,200329,584.172,555.775,162355
1236,Uttar Pradesh,2002,56688,162355,169222,521.303,584.172,76092
1237,Uttar Pradesh,1999,103837,279799,314455,869.536,906.233,298636
1238,Uttar Pradesh,2000,102824,298636,279799,681.296,869.536,224044
1239,Uttar Pradesh,2001,113079,224044,298636,720.822,681.296,322634
1240,Uttar Pradesh,1999,17044,24526,11661,1165.35,1248.072,18527
1241,Uttar Pradesh,2000,17088,18527,24526,917.304,1165.35,14775
1242,Uttar Pradesh,2001,18842,14775,18527,867.079,917.304,21379
1243,Uttar Pradesh,2002,10259,21379,14775,793.813,867.079,7435
1244,Uttar Pradesh,1999,123788,206791,234686,761.026,787.127,280524
1245,Uttar Pradesh,2000,123132,280524,206791,635.136,761.026,300532
1246,Uttar Pradesh,2001,126977,300532,280524,731.611,635.136,247386
1247,Uttar Pradesh,2002,128478,247386,300532,802.538,731.611,223404
1248,Uttar Pradesh,2006,121228,237128,213166,852.8,731.1,207785
1249,Uttar Pradesh,2000,40199,64489,77436,502.305,898.504,72599
1250,Uttar Pradesh,2001,51795,72599,64489,616.349,502.305,77583
1251,Uttar Pradesh,2005,37875,82558,64971,317.4,485.9,83666
1252,Uttar Pradesh,2006,41564,83666,82558,516.1,317.4,90028
1253,Uttar Pradesh,2007,30937,90028,83666,467.7,516.1,70784
1254,Uttar Pradesh,1999,45212,96948,110865,1045.534,741.112,113986
1255,Uttar Pradesh,2002,38965,106787,94299,546.919,668.276,90273
1256,Uttar Pradesh,2005,41868,121859,98652,366.8,575.4,107936
1257,Uttar Pradesh,2006,31781,107936,121859,324.3,366.8,85046
1258,Uttar Pradesh,2000,100564,209220,195720,632.95,689.942,213450
1259,Uttar Pradesh,2002,85292,249943,213450,755.388,670.37,194284
1260,Uttar Pradesh,2005,88399,171176,197095,1193.2,969.3,220379
1261,Uttar Pradesh,2006,72337,220379,171176,610.4,1193.2,125866
1262,Uttar Pradesh,2002,9501,30081,28025,545.652,617.857,19468
1263,Uttar Pradesh,2005,13144,35859,21304,553.9,805.3,27458
1264,Uttar Pradesh,2006,14986,27458,35859,699,553.9,34108
1265,Uttar Pradesh,1999,89904,163432,162415,1101.557,1111.811,170543
1266,Uttar Pradesh,2000,91781,170543,163432,811.822,1101.557,162713
1267,Uttar Pradesh,2002,69093,198290,162713,718.318,797.997,114885
1268,Uttar Pradesh,2005,71543,160017,155333,540.7,705.1,120765
1269,Uttar Pradesh,2001,19184,34330,34018,640.601,514.521,33752
1270,Uttar Pradesh,2002,13947,33752,34330,481.409,640.601,26639
1271,Uttar Pradesh,1999,15049,31620,52056,480.469,766.674,32261
1272,Uttar Pradesh,2000,15652,32261,31620,618.067,480.469,30547
1273,Uttar Pradesh,2001,15784,30547,32261,632.734,618.067,42375
1274,Uttar Pradesh,2002,6498,42375,30547,403.465,632.734,14078
1275,Uttar Pradesh,2001,21142,43067,44729,607.261,668.528,49840
1276,Uttar Pradesh,2002,17552,49840,43067,421.161,607.261,41996
1277,Uttar Pradesh,1999,136533,265915,298115,717.365,738.389,314658
1278,Uttar Pradesh,2001,156348,261830,314658,671.436,579.414,343647
1279,Uttar Pradesh,2002,151011,343647,261830,764.255,671.436,298868
1280,Uttar Pradesh,2005,144930,157236,344404,666.7,381.8,278990
1281,Uttar Pradesh,2006,149754,278990,157236,814.2,666.7,288576
1282,Uttar Pradesh,2010,149321,224041,339402,754.4,643.6,314321
1283,Uttar Pradesh,1999,124736,213740,249365,688.205,803.284,258547
1284,Uttar Pradesh,2001,144714,241421,258547,678.617,655.246,290604
1285,Uttar Pradesh,2002,129875,290604,241421,789.429,678.617,166254
1286,Uttar Pradesh,1999,151577,197081,245823,742.044,783.717,285787
1287,Uttar Pradesh,2000,149402,285787,197081,650.095,742.044,278272
1288,Uttar Pradesh,2001,155864,278272,285787,748.496,650.095,262873
1289,Uttar Pradesh,2002,151601,262873,278272,803.517,748.496,227291
1290,Uttar Pradesh,2005,150889,224879,305263,1242.4,1090,271902
1291,Uttar Pradesh,2007,149578,246210,271902,1511.9,1054.7,282104
1292,Uttar Pradesh,2008,152772,282104,246210,1716.7,1511.9,296072
1293,Uttar Pradesh,2009,152407,296072,282104,969.9,1716.7,277533
1294,Uttar Pradesh,2010,153977,277533,296072,1300.6,969.9,312111
1295,Uttar Pradesh,2000,127531,224346,234782,630.884,818.706,216441
1296,Uttar Pradesh,2001,154011,216441,224346,589.503,630.884,264047
1297,Uttar Pradesh,2002,85917,264047,216441,612.966,589.503,143964
1298,Uttar Pradesh,2005,127800,345455,267702,639.9,953.8,278476
1299,Uttar Pradesh,1999,9048,19007,18393,790.202,647.565,15969
1300,Uttar Pradesh,2001,10296,21446,15969,626.085,517.892,14187
1301,Uttar Pradesh,2002,13872,14187,21446,432.538,626.085,21805
1302,Uttar Pradesh,1999,1661,1253,1053,1116.666,857.596,1361
1303,Uttar Pradesh,2000,2211,1361,1253,701.08,1116.666,2164
1304,Uttar Pradesh,2001,1089,2164,1361,737.694,701.08,769
1305,Uttar Pradesh,2002,395,769,2164,619.022,737.694,221
1306,Uttar Pradesh,2005,818,519,770,674.7,629.4,869
1307,Uttar Pradesh,1999,126076,231524,276701,809.191,849.887,303487
1308,Uttar Pradesh,2000,126846,303487,231524,673.084,809.191,260090
1309,Uttar Pradesh,2001,129896,260090,303487,701.518,673.084,268798
1310,Uttar Pradesh,1999,1575,1498,1385,1196.602,893.95,1291
1311,Uttar Pradesh,2000,2972,1291,1498,800.47,1196.602,2910
1312,Uttar Pradesh,2001,2986,2910,1291,808.442,800.47,2107
1313,Uttar Pradesh,2005,1909,2911,3455,619,693.3,3581
1314,Uttar Pradesh,2006,1082,3581,2911,388.8,619,1365
1315,Uttar Pradesh,2007,3994,1365,3581,352.8,388.8,3047
1316,Uttar Pradesh,2008,1689,3047,1365,1169.6,352.8,3197
1317,Uttar Pradesh,1999,23585,41452,40925,968.574,826.123,49882
1318,Uttar Pradesh,2000,20703,49882,41452,591.995,968.574,33539
1319,Uttar Pradesh,1999,81418,77053,79325,1060.253,941.644,182417
1320,Uttar Pradesh,2000,79780,182417,77053,693.995,1060.253,139920
1321,Uttar Pradesh,2001,102651,139920,182417,725.261,693.995,199417
1322,Uttar Pradesh,2002,83843,199417,139920,640.228,725.261,154159
1323,Uttar Pradesh,2000,31025,50043,47496,869.763,1102.748,67116
1324,Uttar Pradesh,2001,49500,67116,50043,823.594,869.763,108109
1325,Uttar Pradesh,2002,23959,108109,67116,754.238,823.594,37592
1326,Uttar Pradesh,1999,188822,421981,475902,731.811,974.483,481946
1327,Uttar Pradesh,2001,187416,477644,481946,626.1,714.488,484045
1328,Uttar Pradesh,2002,172651,484045,477644,792.707,626.1,363489
1329,Uttar Pradesh,2005,176122,397276,428236,821.1,1208.6,396803
1330,Uttar Pradesh,1999,7330,7581,4023,1268.405,956.787,6002
1331,Uttar Pradesh,2000,7337,6002,7581,919.961,1268.405,7183
1332,Uttar Pradesh,2001,7435,7183,6002,910.845,919.961,5239
1333,Uttar Pradesh,1999,55483,91055,91903,826.596,968.977,94571
1334,Uttar Pradesh,2001,52458,65339,94571,633.327,706.938,90256
1335,Uttar Pradesh,2002,40753,90256,65339,674.873,633.327,74299
1336,Uttar Pradesh,2005,35499,99033,102433,586.3,756.3,68300
1337,Uttar Pradesh,2006,48107,68300,99033,914.4,586.3,93520
1338,Uttar Pradesh,2008,56308,87097,93520,1459.4,804.7,118810
1339,Uttar Pradesh,2009,43549,118810,87097,831.7,1459.4,95329
1340,Uttar Pradesh,2010,48833,95329,118810,810.5,831.7,93320
1341,Uttar Pradesh,1999,162602,348183,373051,878.135,971.782,446907
1342,Uttar Pradesh,2000,166489,446907,348183,793.501,878.135,418224
1343,Uttar Pradesh,2001,165097,418224,446907,920.944,793.501,370150
1344,Uttar Pradesh,2002,162597,370150,418224,938.217,920.944,436958
1345,Uttar Pradesh,1999,1139,1408,1173,1227.608,1052.735,1238
1346,Uttar Pradesh,2001,940,1198,1238,856.432,869.789,1252
1347,Uttar Pradesh,2002,758,1252,1198,742.782,856.432,621
1348,Uttar Pradesh,1999,61188,136170,137159,975.395,714.226,124111
1349,Uttar Pradesh,2000,64729,124111,136170,526.2,975.395,130602
1350,Uttar Pradesh,2002,52388,141118,130602,512.979,644.827,100585
1351,Uttar Pradesh,1999,39971,59471,56690,705.345,647.724,82441
1352,Uttar Pradesh,2002,25096,75917,80997,400.44,628.527,43496
1353,Uttar Pradesh,2005,32880,94625,67858,808.5,487.1,82858
1354,Uttar Pradesh,2006,37089,82858,94625,319.2,808.5,77442
1355,Uttar Pradesh,2007,42229,77442,82858,279.6,319.2,103377
1356,Uttar Pradesh,2010,47142,92817,119522,684.7,410.8,101167
1357,Uttar Pradesh,2000,90471,186084,155987,590.25,711.965,169071
1358,Uttar Pradesh,2002,90346,174232,169071,767.022,681.952,195837
1359,Uttar Pradesh,1999,20624,41048,44758,407.721,819.364,51208
1360,Uttar Pradesh,2000,21226,51208,41048,690.966,407.721,48008
1361,Uttar Pradesh,2001,19823,48008,51208,583.405,690.966,42559
1362,Uttar Pradesh,2002,13220,42559,48008,464.975,583.405,30021
1363,Uttar Pradesh,2009,17629,39938,32335,223.7,437.4,45113
1364,Uttar Pradesh,1999,107865,230950,187366,1001.079,1049.253,261050
1365,Uttar Pradesh,2001,110842,207490,261050,783.335,793.277,246817
1366,Uttar Pradesh,2002,89277,246817,207490,792.073,783.335,167705
1367,Uttar Pradesh,2005,103594,99621,215028,816.7,792.8,151765
1368,Uttar Pradesh,2006,99740,151765,99621,812.4,816.7,194094
1369,Uttar Pradesh,1999,128647,242782,266267,615.509,871.924,279097
1370,Uttar Pradesh,2001,136399,308851,279097,570.941,686.239,314024
1371,Uttar Pradesh,2005,114978,326147,291505,1077.5,904.5,233865
1372,Uttar Pradesh,2006,138207,233865,326147,596.3,1077.5,289405
1373,Uttar Pradesh,2000,41836,105345,105401,675.602,407.637,93538
1374,Uttar Pradesh,2001,38253,93538,105345,549.864,675.602,101853
1375,Uttar Pradesh,2006,25690,50876,80429,454.8,929.3,57854
1376,Uttar Pradesh,1999,149592,385748,434147,732.787,1023.511,397044
1377,Uttar Pradesh,2000,150878,397044,385748,720.084,732.787,404330
1378,Uttar Pradesh,2001,140480,404330,397044,574.017,720.084,426304
1379,Uttar Pradesh,2002,144387,426304,404330,744.657,574.017,405772
1380,Uttar Pradesh,1999,112157,174882,228671,936.098,1017.302,228834
1381,Uttar Pradesh,2000,109804,228834,174882,774.676,936.098,172170
1382,Uttar Pradesh,2001,116257,172170,228834,753.798,774.676,231694
1383,Uttar Pradesh,2006,98612,198038,157306,712.8,562.1,184503
1384,Uttar Pradesh,2010,96664,207132,209092,717.8,648,193811
1385,Uttar Pradesh,1999,136174,240025,240099,955.97,1062.243,252465
1386,Uttar Pradesh,2000,136455,252465,240025,776.77,955.97,209971
1387,Uttar Pradesh,2001,142774,209971,252465,721.4,776.77,299278
1388,Uttar Pradesh,2000,136636,306205,245914,695.505,719.842,307990
1389,Uttar Pradesh,2001,138520,307990,306205,556.494,695.505,332478
1390,Uttar Pradesh,2010,140906,260766,274294,857.5,384.4,267580
1391,Uttar Pradesh,1999,73505,185236,197286,439.269,759.24,174750
1392,Uttar Pradesh,2000,71743,174750,185236,684.709,439.269,170555
1393,Uttar Pradesh,2006,56475,115205,134030,595.8,1226.1,127803
1394,Uttar Pradesh,1999,28176,54970,58265,1001.167,1067.799,71301
1395,Uttar Pradesh,2002,28652,58604,56897,756.282,768.626,65832
1396,Uttar Pradesh,1999,190128,379215,424904,769.275,909.355,467747
1397,Uttar Pradesh,2000,195853,467747,379215,623.727,769.275,443656
1398,Uttar Pradesh,2002,141350,509203,443656,629.443,562.828,293162
1399,Uttar Pradesh,2005,191956,483179,421045,694.3,678.5,408482
1400,Uttar Pradesh,2006,204915,408482,483179,603.5,694.3,459829
1401,Uttar Pradesh,2010,211075,425246,490281,1027.1,856.5,430171
1402,Uttar Pradesh,1999,165261,156394,325255,804.032,912.237,339177
1403,Uttar Pradesh,2000,165059,339177,156394,753.059,804.032,273971
1404,Uttar Pradesh,2001,152097,273971,339177,846.026,753.059,280586
1405,Uttar Pradesh,1999,156206,250568,313355,726.811,914.715,320394
1406,Uttar Pradesh,2000,163309,320394,250568,675.785,726.811,232696
1407,Uttar Pradesh,2002,119808,276372,232696,716.085,595.516,188830
1408,Uttar Pradesh,2006,158642,221860,241358,1009,766.7,257317
1409,Uttar Pradesh,2007,149280,257317,221860,984.4,1009,260494
1410,Uttar Pradesh,1999,85193,147115,126656,988.039,1006.528,174875
1411,Uttar Pradesh,2000,86337,174875,147115,767.622,988.039,125793
1412,Uttar Pradesh,2001,89244,125793,174875,807.856,767.622,181172
1413,Uttar Pradesh,2002,79557,181172,125793,851.536,807.856,113616
1414,Uttar Pradesh,2005,82683,34420,182495,538.8,663.1,83841
1415,Uttar Pradesh,2006,82060,83841,34420,912.9,538.8,120218
1416,Uttar Pradesh,2010,27442,21399,37703,575.8,533.6,42014
1417,Uttar Pradesh,1999,159882,317796,334187,787.826,868.286,340777
1418,Uttar Pradesh,2000,160083,340777,317796,683.294,787.826,329111
1419,Uttar Pradesh,2001,160521,329111,340777,697.864,683.294,358439
1420,Uttar Pradesh,2002,127534,358439,329111,738.834,697.864,263269
1421,Uttar Pradesh,2005,156578,315565,358923,819.6,718.8,333041
1422,Uttar Pradesh,2006,157713,333041,315565,662.1,819.6,281833
1423,Uttar Pradesh,2007,156243,281833,333041,831.9,662.1,320923
1424,Uttar Pradesh,2008,173487,320923,281833,1165.9,831.9,380110
1425,Uttar Pradesh,2009,133285,380110,320923,707.9,1165.9,303223
1426,Uttar Pradesh,2010,90048,303223,380110,729.6,707.9,216836
1427,Uttar Pradesh,1999,97663,141883,158595,942.622,971.896,146633
1428,Uttar Pradesh,2000,93204,146633,141883,700.063,942.622,105622
1429,Uttar Pradesh,2002,59042,155812,105622,648.473,673.08,84666
1430,Uttar Pradesh,2006,89698,150078,164546,628.5,633.7,129883
1431,Uttar Pradesh,1999,50073,121321,115352,884.733,926.129,136151
1432,Uttar Pradesh,2000,50174,136151,121321,707.007,884.733,120656
1433,Uttar Pradesh,2001,50666,120656,136151,719.419,707.007,126909
1434,Uttar Pradesh,2002,49582,126909,120656,754.711,719.419,89166
1435,Uttar Pradesh,2006,60959,72048,28319,770,877.4,95645
1436,Uttar Pradesh,2007,50910,95645,72048,765.6,770,86343
1437,Uttar Pradesh,2010,42021,58274,111034,705.2,433.6,84882
1438,Uttarakhand,2002,23828,25969,21003,848.569,575.805,15941
1439,Uttarakhand,2005,21212,21008,20615,1192.3,1316.8,22000
1440,Uttarakhand,2006,23031,22000,21008,905.7,1192.3,28882
1441,Uttarakhand,2002,13348,17553,25585,954.343,674.689,13177
1442,Uttarakhand,2002,8625,13187,13786,911.013,646.736,10526
1443,Uttarakhand,2002,13106,24396,25606,697.141,564.31,25244
1444,Uttarakhand,2006,12091,25667,23415,1735,2103.7,24734
1445,Uttarakhand,2007,11795,24734,25667,2940.5,1735,25112
1446,Uttarakhand,2009,11168,23706,25112,1519.2,2383,21268
1447,Uttarakhand,2010,11193,21268,23706,2781.1,1519.2,21827
1448,Uttarakhand,2009,13190,29248,32173,1396.8,1802.2,38931
1449,Uttarakhand,2010,12543,38931,29248,2497.3,1396.8,29300
1450,Uttarakhand,2002,23911,28672,26656,980.509,760.853,29266
1451,Uttarakhand,2002,12642,20753,24913,821.214,621.091,15232
